"","PROVINCIA","ESTADILLO","NUMORDEN","ESPECIE","NUMERO","ALTUMED","REGENA"
"1",18,2,1,"45","8","20","3"
"2",18,3,1,"45",NA,NA,"1"
"3",18,3,2,"15",NA,NA,"1"
"4",18,4,1,"45",NA,NA,"3"
"5",18,5,1,"25",NA,NA,"1"
"6",18,5,2,"45","5","35","3"
"7",18,5,3,"37",NA,NA,"2"
"8",18,8,1,"25",NA,NA,"1"
"9",18,8,2,"45","1","20","3"
"10",18,8,3,"15",NA,NA,"3"
"11",18,8,4,"37",NA,NA,"3"
"12",18,9,1,"45","17","20","3"
"13",18,9,2,"15","3","20","2"
"14",18,16,1,"25",NA,NA,"1"
"15",18,16,2,"37",NA,NA,"3"
"16",18,16,3,"15",NA,NA,"1"
"17",18,18,1,"45","2","20","3"
"18",18,18,2,"15",NA,NA,"2"
"19",18,19,1,"45",NA,NA,"3"
"20",18,19,2,"15",NA,NA,"2"
"21",18,19,3,"37",NA,NA,"3"
"22",18,19,4,"76",NA,NA,"1"
"23",18,20,1,"25",NA,NA,"1"
"24",18,20,2,"45","10","30","3"
"25",18,20,3,"37",NA,NA,"1"
"26",18,28,1,"37",NA,NA,"3"
"27",18,29,1,"25",NA,NA,"2"
"28",18,29,2,"37",NA,NA,"3"
"29",18,30,1,"45","34","20","3"
"30",18,31,1,"45",NA,NA,"3"
"31",18,31,2,"44","3","20","1"
"32",18,34,1,"25","13","25","2"
"33",18,34,2,"45",NA,NA,"2"
"34",18,37,1,"45",NA,NA,"3"
"35",18,37,2,"37",NA,NA,"3"
"36",18,38,1,"45","8","20","3"
"37",18,38,2,"37",NA,NA,"3"
"38",18,39,1,"45",NA,NA,"3"
"39",18,39,2,"37","1","15","3"
"40",18,42,1,"25","3","25","2"
"41",18,42,2,"45",NA,NA,"1"
"42",18,43,1,"25","3","15","2"
"43",18,43,2,"37","1","15","3"
"44",18,43,3,"15",NA,NA,"3"
"45",18,44,1,"37",NA,NA,"3"
"46",18,44,2,"45",NA,NA,"3"
"47",18,44,3,"15",NA,NA,"2"
"48",18,53,1,"37",NA,NA,"3"
"49",18,54,1,"25","1","15",NA
"50",18,54,2,"37","1","15","3"
"51",18,58,1,"45","5","15","3"
"52",18,58,2,"15",NA,NA,"1"
"53",18,59,1,"45",NA,NA,"2"
"54",18,59,2,"15",NA,NA,"2"
"55",18,61,1,"45",NA,NA,"3"
"56",18,61,2,"37",NA,NA,"1"
"57",18,61,3,"15",NA,NA,"1"
"58",18,62,1,"45",NA,NA,"3"
"59",18,62,2,"37",NA,NA,"3"
"60",18,63,1,"45",NA,NA,"3"
"61",18,64,1,"45","9","20","3"
"62",18,64,2,"15",NA,NA,"3"
"63",18,64,3,"37",NA,NA,"1"
"64",18,67,1,"45",NA,NA,"3"
"65",18,67,2,"37","4","25","3"
"66",18,68,1,"37","4","15","3"
"67",18,68,2,"15",NA,NA,"2"
"68",18,68,3,"45",NA,NA,"1"
"69",18,72,1,"45","19","15","3"
"70",18,72,2,"37","4","15","3"
"71",18,74,1,"45","5","20","3"
"72",18,74,2,"37",NA,NA,"1"
"73",18,81,1,"25","1","15","1"
"74",18,81,2,"15","8","15","3"
"75",18,81,3,"45",NA,NA,"1"
"76",18,86,1,"45",NA,NA,"3"
"77",18,86,2,"37",NA,NA,"2"
"78",18,91,1,"25","1","30","1"
"79",18,91,2,"45","3","25","3"
"80",18,91,3,"15",NA,NA,"2"
"81",18,92,1,"45","8","25","3"
"82",18,92,2,"37",NA,NA,"2"
"83",18,93,1,"45","1","20","3"
"84",18,93,2,"37","2","20","2"
"85",18,98,1,"39",NA,NA,"1"
"86",18,103,1,"45","4","25","3"
"87",18,103,2,"37",NA,NA,"2"
"88",18,105,1,"37",NA,NA,"1"
"89",18,107,1,"45","4","20","3"
"90",18,107,2,"24","1","25","0"
"91",18,107,3,"37",NA,NA,"3"
"92",18,111,1,"45","2","25","3"
"93",18,111,2,"24",NA,NA,"1"
"94",18,113,1,"39",NA,NA,"2"
"95",18,113,2,"37",NA,NA,"2"
"96",18,117,1,"15","4","25","2"
"97",18,121,1,"24",NA,NA,"1"
"98",18,121,2,"45","4","20","2"
"99",18,121,3,"37","3","20","2"
"100",18,122,1,"24","1","20","1"
"101",18,122,2,"25","1","30","0"
"102",18,122,3,"37",NA,NA,"2"
"103",18,122,4,"45",NA,NA,"1"
"104",18,126,1,"25",NA,NA,"1"
"105",18,126,2,"39",NA,NA,"2"
"106",18,126,3,"37",NA,NA,"1"
"107",18,127,1,"39","2","20","3"
"108",18,127,2,"37",NA,NA,"3"
"109",18,132,1,"25",NA,NA,"1"
"110",18,134,1,"45",NA,NA,"3"
"111",18,134,2,"39",NA,NA,"1"
"112",18,135,1,"26",NA,NA,"1"
"113",18,135,2,"37",NA,NA,"2"
"114",18,135,3,"45",NA,NA,"1"
"115",18,137,1,"24","1","25","1"
"116",18,137,2,"25",NA,NA,"1"
"117",18,143,1,"45","7","30","3"
"118",18,143,2,"37","4","20","3"
"119",18,151,1,"37",NA,NA,"2"
"120",18,152,1,"45",NA,NA,"1"
"121",18,155,1,"24",NA,NA,"1"
"122",18,155,2,"45",NA,NA,"1"
"123",18,155,3,"39","1","20","3"
"124",18,155,4,"37",NA,NA,"3"
"125",18,160,1,"25",NA,NA,"1"
"126",18,160,2,"45","3","25","3"
"127",18,160,3,"37","1","20","2"
"128",18,166,1,"25",NA,NA,"1"
"129",18,166,2,"39","5","20","2"
"130",18,166,3,"37",NA,NA,"1"
"131",18,166,4,"45",NA,NA,"1"
"132",18,168,1,"45",NA,NA,"3"
"133",18,168,2,"37",NA,NA,"2"
"134",18,170,1,"24",NA,NA,"1"
"135",18,170,2,"39",NA,NA,"1"
"136",18,170,3,"37",NA,NA,"2"
"137",18,171,1,"24",NA,NA,"1"
"138",18,171,2,"37","2","20","3"
"139",18,175,1,"45","2","30","3"
"140",18,175,2,"37","1","20","3"
"141",18,176,1,"45","1","25","3"
"142",18,176,2,"15",NA,NA,"1"
"143",18,179,1,"25",NA,NA,"1"
"144",18,179,2,"45","1","20","1"
"145",18,179,3,"39",NA,NA,"2"
"146",18,179,4,"37",NA,NA,"2"
"147",18,180,1,"37",NA,NA,"3"
"148",18,185,1,"45",NA,NA,"3"
"149",18,185,2,"37",NA,NA,"2"
"150",18,186,1,"45",NA,NA,"2"
"151",18,186,2,"37","7","20","2"
"152",18,187,1,"24","1","20","1"
"153",18,187,2,"37",NA,NA,"3"
"154",18,188,1,"24",NA,NA,"3"
"155",18,188,2,"39","2","20","3"
"156",18,188,3,"37",NA,NA,"1"
"157",18,190,1,"24","1","30","0"
"158",18,192,1,"93","29","25","2"
"159",18,192,2,"15",NA,NA,"2"
"160",18,194,1,"26",NA,NA,"2"
"161",18,194,2,"45",NA,NA,"1"
"162",18,196,1,"24",NA,NA,"1"
"163",18,196,2,"45","6","30","3"
"164",18,196,3,"37",NA,NA,"3"
"165",18,197,1,"25","9","25","2"
"166",18,197,2,"24",NA,NA,"1"
"167",18,197,3,"37",NA,NA,"1"
"168",18,199,1,"24",NA,NA,"1"
"169",18,199,2,"45",NA,NA,"2"
"170",18,199,3,"37",NA,NA,"2"
"171",18,202,1,"25","1","20","0"
"172",18,202,2,"24",NA,NA,"2"
"173",18,202,3,"45",NA,NA,"1"
"174",18,206,1,"45",NA,NA,"2"
"175",18,206,2,"24",NA,NA,"1"
"176",18,206,3,"25",NA,NA,"1"
"177",18,206,4,"93",NA,NA,"1"
"178",18,206,5,"15",NA,NA,"2"
"179",18,207,1,"24","4","20","1"
"180",18,207,2,"45",NA,NA,"2"
"181",18,207,3,"37",NA,NA,"2"
"182",18,208,1,"24",NA,NA,"1"
"183",18,208,2,"45",NA,NA,"1"
"184",18,208,3,"37","4","20","3"
"185",18,208,4,"39",NA,NA,"1"
"186",18,208,5,"4",NA,NA,"1"
"187",18,210,1,"24","1","25","0"
"188",18,210,2,"39",NA,NA,"3"
"189",18,210,3,"37",NA,NA,"2"
"190",18,212,1,"24",NA,NA,"1"
"191",18,212,2,"45","1","25","3"
"192",18,212,3,"37",NA,NA,"2"
"193",18,214,1,"45","10","25","3"
"194",18,214,2,"37",NA,NA,"1"
"195",18,215,1,"24","3","25","1"
"196",18,216,1,"37","2","20","3"
"197",18,217,1,"37",NA,NA,"3"
"198",18,217,2,"39",NA,NA,"2"
"199",18,218,1,"45",NA,NA,"3"
"200",18,218,2,"37",NA,NA,"3"
"201",18,222,1,"25",NA,NA,"1"
"202",18,222,2,"37",NA,NA,"3"
"203",18,222,3,"45",NA,NA,"2"
"204",18,224,1,"24","1","25","2"
"205",18,224,2,"45","2","20","3"
"206",18,224,3,"37",NA,NA,"1"
"207",18,224,4,"39",NA,NA,"2"
"208",18,225,1,"45",NA,NA,"3"
"209",18,225,2,"37",NA,NA,"2"
"210",18,227,1,"37","8","25","3"
"211",18,230,1,"45","18","30","3"
"212",18,230,2,"24",NA,NA,"1"
"213",18,231,1,"45","5","20","3"
"214",18,231,2,"37","1","20","3"
"215",18,231,3,"39",NA,NA,"2"
"216",18,236,1,"39","11","20","2"
"217",18,236,2,"24",NA,NA,"1"
"218",18,236,3,"45",NA,NA,"2"
"219",18,239,1,"45","9","35","3"
"220",18,239,2,"25",NA,NA,"2"
"221",18,239,3,"37",NA,NA,"2"
"222",18,244,1,"39","2","20","3"
"223",18,244,2,"45",NA,NA,"2"
"224",18,244,3,"37",NA,NA,"1"
"225",18,245,1,"45","2","15","3"
"226",18,245,2,"37",NA,NA,"1"
"227",18,247,1,"45",NA,NA,"3"
"228",18,247,2,"37",NA,NA,"1"
"229",18,256,1,"24",NA,NA,"1"
"230",18,256,2,"39","1","16","3"
"231",18,256,3,"37",NA,NA,"3"
"232",18,256,4,"45",NA,NA,"1"
"233",18,257,1,"39",NA,NA,"2"
"234",18,257,2,"45",NA,NA,"2"
"235",18,257,3,"37",NA,NA,"3"
"236",18,258,1,"39","2","25","3"
"237",18,258,2,"45",NA,NA,"3"
"238",18,258,3,"24","1","20","0"
"239",18,258,4,"37",NA,NA,"2"
"240",18,261,1,"24",NA,NA,"1"
"241",18,261,2,"37",NA,NA,"1"
"242",18,262,1,"39","1","20","3"
"243",18,262,2,"45",NA,NA,"1"
"244",18,262,3,"37",NA,NA,"1"
"245",18,263,1,"24",NA,NA,"1"
"246",18,264,1,"37",NA,NA,"1"
"247",18,266,1,"24","1","35","0"
"248",18,271,1,"45","21","30","3"
"249",18,271,2,"37",NA,NA,"1"
"250",18,280,1,"37",NA,NA,"2"
"251",18,280,2,"39",NA,NA,"2"
"252",18,283,1,"24",NA,NA,"1"
"253",18,283,2,"45",NA,NA,"1"
"254",18,283,3,"37",NA,NA,"1"
"255",18,284,1,"24",NA,NA,"1"
"256",18,284,2,"45",NA,NA,"1"
"257",18,284,3,"37",NA,NA,"3"
"258",18,285,1,"24","2","30","0"
"259",18,285,2,"37",NA,NA,"2"
"260",18,289,1,"45",NA,NA,"1"
"261",18,290,1,"45","1","25","3"
"262",18,290,2,"24",NA,NA,"1"
"263",18,294,1,"93",NA,NA,"2"
"264",18,294,2,"37",NA,NA,"2"
"265",18,296,1,"37",NA,NA,"2"
"266",18,297,1,"58",NA,NA,"1"
"267",18,301,1,"45","1","25","3"
"268",18,301,2,"66",NA,NA,"1"
"269",18,303,1,"45",NA,NA,"3"
"270",18,303,2,"24",NA,NA,"2"
"271",18,305,1,"24",NA,NA,"1"
"272",18,305,2,"37",NA,NA,"2"
"273",18,306,1,"24","3","20","1"
"274",18,307,1,"24","1","25","1"
"275",18,307,2,"37",NA,NA,"2"
"276",18,308,1,"24","2","20","1"
"277",18,310,1,"24",NA,NA,"2"
"278",18,313,1,"37","2","20","3"
"279",18,314,1,"24",NA,NA,"1"
"280",18,315,1,"24","2","35","0"
"281",18,315,2,"37",NA,NA,"2"
"282",18,317,1,"45",NA,NA,"3"
"283",18,320,1,"45",NA,NA,"1"
"284",18,324,1,"24",NA,NA,"1"
"285",18,328,1,"24","1","30","2"
"286",18,335,1,"24","3","20","1"
"287",18,336,1,"24",NA,NA,"1"
"288",18,342,1,"24","1","30","0"
"289",18,343,1,"24","2","25","1"
"290",18,345,1,"24","4","20","1"
"291",18,347,1,"45","6","20","3"
"292",18,347,2,"37",NA,NA,"3"
"293",18,348,1,"45","14","25","3"
"294",18,348,2,"37",NA,NA,"1"
"295",18,351,1,"25",NA,NA,"1"
"296",18,351,2,"45",NA,NA,"3"
"297",18,352,1,"24",NA,NA,"3"
"298",18,352,2,"45",NA,NA,"1"
"299",18,353,1,"45",NA,NA,"2"
"300",18,353,2,"26",NA,NA,"1"
"301",18,356,1,"45","3","20","3"
"302",18,357,1,"45",NA,NA,"1"
"303",18,358,1,"24","11","40","1"
"304",18,359,1,"24","2","35","1"
"305",18,359,2,"37",NA,NA,"1"
"306",18,360,1,"24",NA,NA,"1"
"307",18,360,2,"37",NA,NA,"1"
"308",18,361,1,"24","3","35","1"
"309",18,362,1,"24","2","25","2"
"310",18,362,2,"37",NA,NA,"2"
"311",18,363,1,"24","4","30","1"
"312",18,363,2,"37",NA,NA,"2"
"313",18,364,1,"24","7","25","2"
"314",18,365,1,"24","11","30","1"
"315",18,365,2,"37",NA,NA,"2"
"316",18,365,3,"39",NA,NA,"3"
"317",18,368,1,"24","3","35","2"
"318",18,371,1,"24","7","35","1"
"319",18,371,2,"37",NA,NA,"1"
"320",18,372,1,"24",NA,NA,"3"
"321",18,379,1,"24","2","30","0"
"322",18,381,1,"53","22","30","3"
"323",18,384,1,"24","1","25","0"
"324",18,399,1,"45","3","25","3"
"325",18,405,1,"24","1","30","0"
"326",18,405,2,"53",NA,NA,"3"
"327",18,406,1,"45",NA,NA,"1"
"328",18,410,1,"24","4","30","1"
"329",18,416,1,"24",NA,NA,"2"
"330",18,416,2,"37",NA,NA,"1"
"331",18,418,1,"24",NA,NA,"2"
"332",18,418,2,"37",NA,NA,"3"
"333",18,423,1,"24",NA,NA,"1"
"334",18,423,2,"37",NA,NA,"1"
"335",18,430,1,"24","2","30","0"
"336",18,431,1,"24",NA,NA,"2"
"337",18,437,1,"24","2","30","1"
"338",18,437,2,"45","5","35","3"
"339",18,437,3,"37","4","15","3"
"340",18,438,1,"24",NA,NA,"1"
"341",18,438,2,"37",NA,NA,"3"
"342",18,439,1,"24",NA,NA,"1"
"343",18,439,2,"37",NA,NA,"3"
"344",18,439,3,"45",NA,NA,"2"
"345",18,440,1,"24",NA,NA,"1"
"346",18,440,2,"37",NA,NA,"3"
"347",18,440,3,"45","2","15","3"
"348",18,441,1,"37","3","15","3"
"349",18,444,1,"45","39","20","3"
"350",18,444,2,"37",NA,NA,"3"
"351",18,445,1,"24",NA,NA,"1"
"352",18,445,2,"45","7","25","3"
"353",18,446,1,"45",NA,NA,"3"
"354",18,446,2,"37","2","20","2"
"355",18,449,1,"45",NA,NA,"3"
"356",18,451,1,"45","20","20","3"
"357",18,451,2,"37",NA,NA,"1"
"358",18,458,1,"24","1","30","3"
"359",18,458,2,"45","6","30","3"
"360",18,458,3,"37",NA,NA,"1"
"361",18,459,1,"45",NA,NA,"3"
"362",18,459,2,"37",NA,NA,"3"
"363",18,461,1,"45",NA,NA,"3"
"364",18,461,2,"37",NA,NA,"3"
"365",18,462,1,"45","1","18","3"
"366",18,463,1,"45","20","20","3"
"367",18,463,2,"37",NA,NA,"1"
"368",18,465,1,"25","1","25","2"
"369",18,466,1,"25","1","17","1"
"370",18,467,1,"25",NA,NA,"2"
"371",18,468,1,"45",NA,NA,"3"
"372",18,468,2,"37",NA,NA,"2"
"373",18,469,1,"45",NA,NA,"3"
"374",18,470,1,"45","2","20","3"
"375",18,470,2,"37",NA,NA,"3"
"376",18,471,1,"45",NA,NA,"3"
"377",18,471,2,"37",NA,NA,"3"
"378",18,473,1,"45","4","25","3"
"379",18,474,1,"45","12","30","3"
"380",18,474,2,"37",NA,NA,"3"
"381",18,475,1,"45",NA,NA,"1"
"382",18,476,1,"45","6","20","3"
"383",18,476,2,"37",NA,NA,"3"
"384",18,477,1,"45","2","30","3"
"385",18,477,2,"37","1","20","1"
"386",18,478,1,"45",NA,NA,"3"
"387",18,479,1,"45",NA,NA,"3"
"388",18,480,1,"45","6","20","2"
"389",18,481,1,"45",NA,NA,"3"
"390",18,481,2,"24",NA,NA,"1"
"391",18,482,1,"45",NA,NA,"1"
"392",18,483,1,"45","32","30","3"
"393",18,483,2,"37",NA,NA,"1"
"394",18,484,1,"45","7","18","3"
"395",18,484,2,"37",NA,NA,"2"
"396",18,487,1,"45",NA,NA,"3"
"397",18,488,1,"45",NA,NA,"3"
"398",18,489,1,"45","35","30","3"
"399",18,491,1,"45","43","35","3"
"400",18,492,1,"45","22","20","3"
"401",18,493,1,"45",NA,NA,"3"
"402",18,493,2,"24",NA,NA,"2"
"403",18,494,1,"45","13","30","3"
"404",18,496,1,"45","9","18","3"
"405",18,497,1,"45","19","20","3"
"406",18,498,1,"45","3","20","3"
"407",18,500,1,"24","2","20","3"
"408",18,500,2,"37",NA,NA,"1"
"409",18,925,1,"26",NA,NA,"1"
"410",18,925,2,"45",NA,NA,"3"
"411",18,925,3,"37",NA,NA,"2"
"412",18,926,1,"45",NA,NA,"3"
"413",18,927,1,"45",NA,NA,"3"
"414",18,927,2,"37",NA,NA,"2"
"415",18,928,1,"45",NA,NA,"3"
"416",18,928,2,"37",NA,NA,"3"
"417",18,928,3,"24",NA,NA,"1"
"418",18,929,1,"26",NA,NA,"2"
"419",18,930,1,"24",NA,NA,"1"
"420",18,930,2,"45",NA,NA,"1"
"421",18,931,1,"45","4","25","3"
"422",18,932,1,"24",NA,NA,"1"
"423",18,939,1,"45",NA,NA,"3"
"424",18,941,1,"26",NA,NA,"2"
"425",18,942,1,"45",NA,NA,"1"
"426",18,943,1,"24",NA,NA,"1"
"427",18,943,2,"45","1","20","3"
"428",18,943,3,"37",NA,NA,"3"
"429",18,943,4,"39",NA,NA,"2"
"430",18,946,1,"45",NA,NA,"3"
"431",18,950,1,"37",NA,NA,"3"
"432",18,950,2,"26",NA,NA,"2"
"433",18,952,1,"45","19","25","3"
"434",18,952,2,"37",NA,NA,"2"
"435",18,953,1,"45","11","25","3"
"436",18,955,1,"45","5","35","3"
"437",18,955,2,"15",NA,NA,"1"
"438",18,957,1,"45","1","20","3"
"439",18,957,2,"37",NA,NA,"1"
"440",18,958,1,"24",NA,NA,"1"
"441",18,958,2,"26",NA,NA,"1"
"442",18,960,1,"26","1","14","0"
"443",18,961,1,"26",NA,NA,"1"
"444",18,963,1,"37",NA,NA,"2"
"445",18,963,2,"4",NA,NA,"3"
"446",18,964,1,"24",NA,NA,"2"
"447",18,965,1,"37",NA,NA,"3"
"448",18,968,1,"45",NA,NA,"1"
"449",18,970,1,"45","7","35","3"
"450",18,970,2,"25",NA,NA,"1"
"451",18,972,1,"45","9","35","3"
"452",18,972,2,"15",NA,NA,"2"
"453",18,975,1,"26",NA,NA,"2"
"454",18,975,2,"45",NA,NA,"1"
"455",18,978,1,"45",NA,NA,"3"
"456",18,978,2,"37",NA,NA,"1"
"457",18,980,1,"45","10","35","3"
"458",18,980,2,"37",NA,NA,"3"
"459",18,981,1,"45",NA,NA,"3"
"460",18,987,1,"45","14","30","3"
"461",18,987,2,"15",NA,NA,"1"
"462",18,990,1,"45","19","20","3"
"463",18,998,1,"45","15","25","3"
"464",18,998,2,"24","1","20","0"
"465",18,1000,1,"26","1","25","0"
"466",18,1000,2,"45","20","35","3"
"467",18,1000,3,"15",NA,NA,"1"
"468",18,1456,1,"37",NA,NA,"3"
"469",18,1457,1,"45",NA,NA,"3"
"470",18,1461,1,"26",NA,NA,"2"
"471",18,1461,2,"37",NA,NA,"2"
"472",18,1461,3,"24",NA,NA,"1"
"473",18,1461,4,"45",NA,NA,"1"
"474",18,1464,1,"76","3","40","1"
"475",18,1464,2,"2","11","45","3"
"476",18,1464,3,"37",NA,NA,"1"
"477",18,1466,1,"37",NA,NA,"3"
"478",18,1467,1,"37",NA,NA,"1"
"479",18,1470,1,"39",NA,NA,"1"
"480",18,1477,1,"26",NA,NA,"1"
"481",18,1482,1,"39","3","20","1"
"482",18,1484,1,"45","4","25","3"
"483",18,1,1,"51",NA,NA,"2"
"484",18,1,2,"15",NA,NA,"2"
"485",18,10,1,"45","12","30","3"
"486",18,10,2,"37",NA,NA,"1"
"487",18,11,1,"25",NA,NA,"1"
"488",18,11,2,"45","5","25","3"
"489",18,11,3,"15",NA,NA,"2"
"490",18,11,4,"37",NA,NA,"1"
"491",18,11,5,"76",NA,NA,"1"
"492",18,14,1,"25","1","20","1"
"493",18,14,2,"45","4","30","3"
"494",18,14,3,"15",NA,NA,"1"
"495",18,15,1,"25",NA,NA,"2"
"496",18,15,2,"45","3","20","3"
"497",18,15,3,"37",NA,NA,"1"
"498",18,17,1,"45","2","20","3"
"499",18,17,2,"15",NA,NA,"1"
"500",18,17,3,"37",NA,NA,"2"
"501",18,21,1,"25",NA,NA,"1"
"502",18,21,2,"45",NA,NA,"1"
"503",18,21,3,"37","1","15","3"
"504",18,24,1,"25","1","20","3"
"505",18,24,2,"45",NA,NA,"1"
"506",18,24,3,"15",NA,NA,"1"
"507",18,25,1,"25",NA,NA,"3"
"508",18,25,2,"45",NA,NA,"1"
"509",18,25,3,"37",NA,NA,"3"
"510",18,25,4,"15",NA,NA,"1"
"511",18,26,1,"45","3","30","3"
"512",18,26,2,"15","4","30","3"
"513",18,27,1,"45","1","25","3"
"514",18,27,2,"15",NA,NA,"3"
"515",18,33,1,"25",NA,NA,"1"
"516",18,33,2,"45",NA,NA,"3"
"517",18,33,3,"37",NA,NA,"1"
"518",18,35,1,"25",NA,NA,"1"
"519",18,35,2,"45",NA,NA,"2"
"520",18,46,1,"37",NA,NA,"3"
"521",18,47,1,"25",NA,NA,"1"
"522",18,47,2,"45",NA,NA,"1"
"523",18,47,3,"37",NA,NA,"3"
"524",18,47,4,"39",NA,NA,"1"
"525",18,48,1,"24","2","20","2"
"526",18,48,2,"37",NA,NA,"3"
"527",18,48,3,"45",NA,NA,"3"
"528",18,49,1,"24","2","30",NA
"529",18,49,2,"45","3","25","3"
"530",18,49,3,"37",NA,NA,"3"
"531",18,55,1,"24",NA,NA,"1"
"532",18,55,2,"37","3","20","3"
"533",18,55,3,"45",NA,NA,"3"
"534",18,60,1,"25",NA,NA,"2"
"535",18,60,2,"45",NA,NA,"3"
"536",18,60,3,"37","2","15","1"
"537",18,70,1,"45","2","20","3"
"538",18,70,2,"25",NA,NA,"1"
"539",18,70,3,"37",NA,NA,"1"
"540",18,71,1,"25","3","20","1"
"541",18,71,2,"45",NA,NA,"3"
"542",18,71,3,"37",NA,NA,"1"
"543",18,73,1,"45","2","15","3"
"544",18,73,2,"37","1","20","3"
"545",18,75,1,"25",NA,NA,"2"
"546",18,75,2,"45",NA,NA,"3"
"547",18,75,3,"15",NA,NA,"3"
"548",18,77,1,"37",NA,NA,"3"
"549",18,78,1,"25","1","20","1"
"550",18,78,2,"37",NA,NA,"3"
"551",18,78,3,"45",NA,NA,"3"
"552",18,80,1,"45","6","30","3"
"553",18,80,2,"25","1","20",NA
"554",18,80,3,"37","1","20","1"
"555",18,82,1,"25","1","20","3"
"556",18,82,2,"45",NA,NA,"1"
"557",18,85,1,"45","1","20","3"
"558",18,85,2,"37","1","20","1"
"559",18,85,3,"15",NA,NA,"1"
"560",18,87,1,"25","1","35","1"
"561",18,87,2,"24","1","30","0"
"562",18,87,3,"45",NA,NA,"3"
"563",18,87,4,"37","4","25","3"
"564",18,95,1,"25","1","35","1"
"565",18,95,2,"45",NA,NA,"1"
"566",18,96,1,"25","1","25","0"
"567",18,96,2,"45",NA,NA,"2"
"568",18,97,1,"25","3","25","2"
"569",18,100,1,"25","1","40","0"
"570",18,100,2,"45","32","35","3"
"571",18,100,3,"24",NA,NA,"1"
"572",18,104,1,"25","2","20","1"
"573",18,104,2,"24",NA,NA,"1"
"574",18,104,3,"45",NA,NA,"1"
"575",18,112,1,"24","1","40","2"
"576",18,112,2,"25",NA,NA,"1"
"577",18,112,3,"45",NA,NA,"3"
"578",18,114,1,"25",NA,NA,"1"
"579",18,114,2,"37","5","20","2"
"580",18,114,3,"45",NA,NA,"2"
"581",18,120,1,"24","1","30","1"
"582",18,120,2,"37",NA,NA,"3"
"583",18,120,3,"45",NA,NA,"1"
"584",18,123,1,"24","1","30","1"
"585",18,125,1,"24",NA,NA,"1"
"586",18,125,2,"25","2","20","1"
"587",18,125,3,"37",NA,NA,"2"
"588",18,125,4,"39",NA,NA,"1"
"589",18,136,1,"24",NA,NA,"1"
"590",18,136,2,"37",NA,NA,"2"
"591",18,136,3,"45",NA,NA,"1"
"592",18,145,1,"37","3","20","2"
"593",18,148,1,"39","4","25","2"
"594",18,154,1,"25","2","30","0"
"595",18,154,2,"37",NA,NA,"1"
"596",18,154,3,"45",NA,NA,"1"
"597",18,161,1,"25",NA,NA,"1"
"598",18,161,2,"37","1","25","3"
"599",18,163,1,"25","1","25","0"
"600",18,163,2,"45",NA,NA,"1"
"601",18,163,3,"15",NA,NA,"1"
"602",18,163,4,"37",NA,NA,"1"
"603",18,169,1,"25","2","30","1"
"604",18,169,2,"39",NA,NA,"1"
"605",18,169,3,"37",NA,NA,"1"
"606",18,169,4,"45",NA,NA,"1"
"607",18,169,5,"15",NA,NA,"2"
"608",18,177,1,"45",NA,NA,"3"
"609",18,178,1,"25","10","30","2"
"610",18,178,2,"45","1","30","3"
"611",18,178,3,"15",NA,NA,"1"
"612",18,189,1,"24","2","20","1"
"613",18,189,2,"37",NA,NA,"2"
"614",18,209,1,"24",NA,NA,"1"
"615",18,209,2,"37",NA,NA,"3"
"616",18,221,1,"25","5","25","1"
"617",18,221,2,"37",NA,NA,"2"
"618",18,221,3,"45",NA,NA,"1"
"619",18,229,1,"39",NA,NA,"1"
"620",18,229,2,"37",NA,NA,"1"
"621",18,233,1,"24","7","40","1"
"622",18,233,2,"45","8","35","3"
"623",18,233,3,"15",NA,NA,"1"
"624",18,233,4,"37",NA,NA,"1"
"625",18,234,1,"25","1","25","1"
"626",18,234,2,"45",NA,NA,"3"
"627",18,234,3,"37",NA,NA,"1"
"628",18,234,4,"15",NA,NA,"1"
"629",18,237,1,"25","2","35","1"
"630",18,237,2,"45","1","30","3"
"631",18,237,3,"15",NA,NA,"2"
"632",18,238,1,"45","4","30","3"
"633",18,238,2,"15",NA,NA,"3"
"634",18,242,1,"24","1","45","0"
"635",18,242,2,"37",NA,NA,"1"
"636",18,242,3,"4",NA,NA,"3"
"637",18,243,1,"45",NA,NA,"3"
"638",18,243,2,"37",NA,NA,"1"
"639",18,249,1,"24",NA,NA,"2"
"640",18,249,2,"45","1","20","3"
"641",18,251,1,"24",NA,NA,"2"
"642",18,251,2,"45",NA,NA,"3"
"643",18,251,3,"37","3","20","3"
"644",18,251,4,"39",NA,NA,"2"
"645",18,253,1,"24",NA,NA,"1"
"646",18,253,2,"37","1","20","3"
"647",18,253,3,"45",NA,NA,"3"
"648",18,253,4,"39",NA,NA,"1"
"649",18,254,1,"24","3","35","1"
"650",18,254,2,"45","4","25","3"
"651",18,254,3,"37",NA,NA,"1"
"652",18,255,1,"24",NA,NA,"1"
"653",18,255,2,"39",NA,NA,"2"
"654",18,255,3,"37","2","20","2"
"655",18,255,4,"45",NA,NA,"3"
"656",18,309,1,"24","1","65","2"
"657",18,309,2,"37",NA,NA,"2"
"658",18,309,3,"45",NA,NA,"2"
"659",18,311,1,"24","3","30","1"
"660",18,318,1,"24",NA,NA,"2"
"661",18,318,2,"45",NA,NA,"3"
"662",18,327,1,"45",NA,NA,"1"
"663",18,331,1,"24","1","25","0"
"664",18,411,1,"24",NA,NA,"1"
"665",18,429,1,"45",NA,NA,"1"
"666",18,435,1,"24","6","30","0"
"667",18,447,1,"24",NA,NA,"2"
"668",18,447,2,"37",NA,NA,"2"
"669",18,447,3,"45",NA,NA,"3"
"670",18,504,1,"24",NA,NA,"1"
"671",18,504,2,"45",NA,NA,"3"
"672",18,504,3,"37",NA,NA,"1"
"673",18,505,1,"24","1","20","2"
"674",18,505,2,"45",NA,NA,"3"
"675",18,505,3,"37",NA,NA,"2"
"676",18,506,1,"24","6","20","1"
"677",18,506,2,"37",NA,NA,"3"
"678",18,508,1,"37",NA,NA,"3"
"679",18,508,2,"45",NA,NA,"2"
"680",18,511,1,"24","1","35","2"
"681",18,511,2,"45","6","30","3"
"682",18,511,3,"37",NA,NA,"3"
"683",18,513,1,"24",NA,NA,"1"
"684",18,513,2,"37","2","16","3"
"685",18,513,3,"45","3","20","3"
"686",18,514,1,"24","1","30","2"
"687",18,514,2,"45","1","30","3"
"688",18,514,3,"37",NA,NA,"1"
"689",18,517,1,"45","2","20","3"
"690",18,517,2,"15",NA,NA,"1"
"691",18,518,1,"45","7","25","3"
"692",18,518,2,"15",NA,NA,"1"
"693",18,519,1,"45","20","28","3"
"694",18,519,2,"95",NA,NA,"1"
"695",18,522,1,"45","5","40","1"
"696",18,524,1,"45","12","25","3"
"697",18,524,2,"15",NA,NA,"1"
"698",18,524,3,"95",NA,NA,"1"
"699",18,524,4,"44",NA,NA,"1"
"700",18,525,1,"45","1","28","3"
"701",18,525,2,"15",NA,NA,"3"
"702",18,525,3,"4",NA,NA,"1"
"703",18,525,4,"44",NA,NA,"1"
"704",18,526,1,"45","4","20","3"
"705",18,526,2,"15",NA,NA,"2"
"706",18,526,3,"4",NA,NA,"1"
"707",18,526,4,"44",NA,NA,"2"
"708",18,529,1,"45","8","36","3"
"709",18,530,1,"45",NA,NA,"3"
"710",18,530,2,"15",NA,NA,"2"
"711",18,534,1,"45","2","33","3"
"712",18,535,1,"45","9","35","3"
"713",18,535,2,"15",NA,NA,"2"
"714",18,535,3,"4",NA,NA,"1"
"715",18,536,1,"45","10","30","3"
"716",18,538,1,"45",NA,NA,"3"
"717",18,539,1,"45","10","20","3"
"718",18,539,2,"93","1","25","0"
"719",18,540,1,"45",NA,NA,"3"
"720",18,541,1,"45","9","30","3"
"721",18,542,1,"45","7","25","3"
"722",18,543,1,"45","8","25","3"
"723",18,546,1,"45",NA,NA,"3"
"724",18,547,1,"45","1","25","3"
"725",18,548,1,"45","2","25","3"
"726",18,549,1,"45","8","30","3"
"727",18,550,1,"45",NA,NA,"3"
"728",18,553,1,"15",NA,NA,"1"
"729",18,556,1,"45","25","35","3"
"730",18,557,1,"45","5","20","3"
"731",18,558,1,"45",NA,NA,"1"
"732",18,559,1,"45","24","35","3"
"733",18,560,1,"45",NA,NA,"2"
"734",18,565,1,"24",NA,NA,"1"
"735",18,565,2,"45",NA,NA,"3"
"736",18,565,3,"15",NA,NA,"3"
"737",18,567,1,"45","6","25","3"
"738",18,568,1,"95","4","28","3"
"739",18,569,1,"45",NA,NA,"2"
"740",18,570,1,"45","12","24","3"
"741",18,570,2,"93",NA,NA,"2"
"742",18,572,1,"45","12","20","3"
"743",18,573,1,"37","13","30","3"
"744",18,573,2,"45","2","30","3"
"745",18,575,1,"37",NA,NA,"3"
"746",18,577,1,"45",NA,NA,"3"
"747",18,577,2,"24",NA,NA,"1"
"748",18,580,1,"45",NA,NA,"3"
"749",18,584,1,"45",NA,NA,"1"
"750",18,585,1,"45",NA,NA,"3"
"751",18,586,1,"45","30","35","3"
"752",18,586,2,"93",NA,NA,"1"
"753",18,586,3,"95",NA,NA,"1"
"754",18,588,1,"37",NA,NA,"2"
"755",18,588,2,"45",NA,NA,"3"
"756",18,589,1,"45","1","20","3"
"757",18,589,2,"37",NA,NA,"2"
"758",18,590,1,"45",NA,NA,"3"
"759",18,590,2,"37","3","17","2"
"760",18,591,1,"45","23","35","3"
"761",18,591,2,"37",NA,NA,"3"
"762",18,592,1,"45",NA,NA,"3"
"763",18,594,1,"24","3","43","0"
"764",18,596,1,"37",NA,NA,"2"
"765",18,597,1,"24","11","45","1"
"766",18,597,2,"37",NA,NA,"3"
"767",18,597,3,"45",NA,NA,"1"
"768",18,598,1,"24","2","25","2"
"769",18,598,2,"37",NA,NA,"1"
"770",18,599,1,"37",NA,NA,"3"
"771",18,599,2,"45",NA,NA,"3"
"772",18,600,1,"37",NA,NA,"2"
"773",18,603,1,"24","12","38","0"
"774",18,603,2,"25",NA,NA,"1"
"775",18,604,1,"24",NA,NA,"1"
"776",18,604,2,"37",NA,NA,"1"
"777",18,605,1,"37",NA,NA,"3"
"778",18,605,2,"45","1","22","3"
"779",18,606,1,"24","1","25","0"
"780",18,606,2,"37",NA,NA,"3"
"781",18,607,1,"24","1","32","0"
"782",18,607,2,"37",NA,NA,"3"
"783",18,609,1,"45","7","25","3"
"784",18,609,2,"95",NA,NA,"1"
"785",18,610,1,"24","2","40","0"
"786",18,610,2,"45",NA,NA,"3"
"787",18,610,3,"37",NA,NA,"2"
"788",18,612,1,"24","3","25","1"
"789",18,612,2,"37",NA,NA,"1"
"790",18,613,1,"24",NA,NA,"1"
"791",18,613,2,"37",NA,NA,"3"
"792",18,614,1,"24",NA,NA,"2"
"793",18,615,1,"37",NA,NA,"3"
"794",18,616,1,"24","1","40","1"
"795",18,616,2,"45",NA,NA,"3"
"796",18,616,3,"37",NA,NA,"2"
"797",18,617,1,"24",NA,NA,"2"
"798",18,618,1,"37",NA,NA,"2"
"799",18,619,1,"24","1","20","1"
"800",18,619,2,"37",NA,NA,"1"
"801",18,619,3,"99",NA,NA,"1"
"802",18,620,1,"37",NA,NA,"2"
"803",18,621,1,"24","1","18","3"
"804",18,621,2,"45",NA,NA,"3"
"805",18,621,3,"37",NA,NA,"2"
"806",18,622,1,"45",NA,NA,"1"
"807",18,623,1,"57",NA,NA,"1"
"808",18,623,2,"97","14","35","3"
"809",18,632,1,"37",NA,NA,"2"
"810",18,635,1,"24","3","25","1"
"811",18,641,1,"24","13","40","1"
"812",18,642,1,"45","1","20","3"
"813",18,643,1,"24",NA,NA,"1"
"814",18,643,2,"37",NA,NA,"1"
"815",18,646,1,"45",NA,NA,"2"
"816",18,646,2,"37",NA,NA,"3"
"817",18,649,1,"24",NA,NA,"1"
"818",18,649,2,"45",NA,NA,"3"
"819",18,649,3,"37",NA,NA,"3"
"820",18,650,1,"24",NA,NA,"1"
"821",18,650,2,"45","5","20","3"
"822",18,650,3,"37",NA,NA,"3"
"823",18,651,1,"24",NA,NA,"1"
"824",18,651,2,"45",NA,NA,"2"
"825",18,651,3,"37",NA,NA,"2"
"826",18,653,1,"24","1","40","0"
"827",18,653,2,"45",NA,NA,"3"
"828",18,653,3,"37",NA,NA,"3"
"829",18,654,1,"24","2","25","1"
"830",18,654,2,"37",NA,NA,"3"
"831",18,654,3,"45",NA,NA,"2"
"832",18,655,1,"24","1","20","1"
"833",18,655,2,"45",NA,NA,"1"
"834",18,655,3,"37",NA,NA,"2"
"835",18,656,1,"37","2","20","3"
"836",18,656,2,"45",NA,NA,"2"
"837",18,657,1,"37",NA,NA,"3"
"838",18,657,2,"95",NA,NA,"1"
"839",18,659,1,"37",NA,NA,"3"
"840",18,659,2,"45",NA,NA,"2"
"841",18,660,1,"24",NA,NA,"2"
"842",18,660,2,"37",NA,NA,"2"
"843",18,660,3,"15",NA,NA,"3"
"844",18,660,4,"45",NA,NA,"2"
"845",18,661,1,"25",NA,NA,"1"
"846",18,661,2,"45",NA,NA,"2"
"847",18,662,1,"25",NA,NA,"1"
"848",18,662,2,"15","7","25","3"
"849",18,663,1,"25","2","25","1"
"850",18,663,2,"45","1","30","2"
"851",18,663,3,"15","5","25","3"
"852",18,664,1,"25",NA,NA,"2"
"853",18,664,2,"95",NA,NA,"1"
"854",18,667,1,"25",NA,NA,"3"
"855",18,667,2,"45",NA,NA,"3"
"856",18,670,1,"25",NA,NA,"1"
"857",18,670,2,"37",NA,NA,"3"
"858",18,670,3,"39",NA,NA,"3"
"859",18,670,4,"76",NA,NA,"1"
"860",18,672,1,"21",NA,NA,"1"
"861",18,672,2,"37",NA,NA,"3"
"862",18,673,1,"21","1","20","1"
"863",18,673,2,"37",NA,NA,"3"
"864",18,674,1,"21","1","25","1"
"865",18,674,2,"37",NA,NA,"2"
"866",18,680,1,"24","1","55","0"
"867",18,680,2,"15",NA,NA,"1"
"868",18,680,3,"45",NA,NA,"1"
"869",18,682,1,"24",NA,NA,"1"
"870",18,682,2,"37",NA,NA,"3"
"871",18,682,3,"45",NA,NA,"1"
"872",18,683,1,"24",NA,NA,"1"
"873",18,683,2,"45","5","20","3"
"874",18,683,3,"37",NA,NA,"2"
"875",18,685,1,"24","9","20","2"
"876",18,686,1,"45",NA,NA,"1"
"877",18,686,2,"37",NA,NA,"1"
"878",18,689,1,"24","4","20","2"
"879",18,689,2,"45",NA,NA,"3"
"880",18,689,3,"37",NA,NA,"3"
"881",18,691,1,"24","2","20","1"
"882",18,691,2,"45",NA,NA,"3"
"883",18,691,3,"37",NA,NA,"1"
"884",18,692,1,"24",NA,NA,"2"
"885",18,692,2,"45",NA,NA,"2"
"886",18,692,3,"37",NA,NA,"2"
"887",18,693,1,"24",NA,NA,"1"
"888",18,696,1,"24",NA,NA,"1"
"889",18,696,2,"45","1","20","3"
"890",18,696,3,"37",NA,NA,"2"
"891",18,697,1,"45","14","25","3"
"892",18,697,2,"37",NA,NA,"3"
"893",18,698,1,"26",NA,NA,"2"
"894",18,699,1,"24",NA,NA,"1"
"895",18,699,2,"45",NA,NA,"1"
"896",18,699,3,"37",NA,NA,"1"
"897",18,701,1,"24","2","25","2"
"898",18,701,2,"45",NA,NA,"3"
"899",18,701,3,"37",NA,NA,"3"
"900",18,702,1,"26","1","35","0"
"901",18,702,2,"45",NA,NA,"3"
"902",18,702,3,"24",NA,NA,"1"
"903",18,702,4,"37",NA,NA,"2"
"904",18,703,1,"26","1","35","1"
"905",18,703,2,"45","6","30","3"
"906",18,704,1,"45",NA,NA,"3"
"907",18,707,1,"45","7","20","3"
"908",18,707,2,"15",NA,NA,"1"
"909",18,707,3,"37",NA,NA,"2"
"910",18,707,4,"95",NA,NA,"2"
"911",18,708,1,"26","1","25","1"
"912",18,708,2,"24",NA,NA,"1"
"913",18,708,3,"45",NA,NA,"2"
"914",18,709,1,"25",NA,NA,"1"
"915",18,709,2,"26","2","30","1"
"916",18,709,3,"24",NA,NA,"1"
"917",18,709,4,"45","3","35","3"
"918",18,710,1,"24","1","30","1"
"919",18,710,2,"37",NA,NA,"3"
"920",18,711,1,"26",NA,NA,"1"
"921",18,711,2,"45",NA,NA,"3"
"922",18,711,3,"25","2","20",NA
"923",18,711,4,"37",NA,NA,"3"
"924",18,713,1,"25","3","20","3"
"925",18,713,2,"45","3","20","3"
"926",18,714,1,"25",NA,NA,"1"
"927",18,715,1,"45","26","30","3"
"928",18,715,2,"37",NA,NA,"2"
"929",18,716,1,"45","11","30","3"
"930",18,716,2,"25","1","20","0"
"931",18,716,3,"37","3","25","2"
"932",18,718,1,"25",NA,NA,"1"
"933",18,718,2,"76","10","20","3"
"934",18,718,3,"15","5","20","3"
"935",18,719,1,"45","5","30","3"
"936",18,719,2,"37",NA,NA,"2"
"937",18,719,3,"15",NA,NA,"1"
"938",18,719,4,"39",NA,NA,"3"
"939",18,722,1,"39",NA,NA,"3"
"940",18,729,1,"38",NA,NA,"3"
"941",18,729,2,"37",NA,NA,"3"
"942",18,730,1,"37",NA,NA,"3"
"943",18,731,1,"39",NA,NA,"3"
"944",18,734,1,"25","1","55","2"
"945",18,734,2,"15",NA,NA,"3"
"946",18,735,1,"25","3","30","1"
"947",18,738,1,"24","4","25","0"
"948",18,740,1,"25",NA,NA,"1"
"949",18,741,1,"39",NA,NA,"3"
"950",18,742,1,"39",NA,NA,"3"
"951",18,743,1,"25",NA,NA,"1"
"952",18,743,2,"37",NA,NA,"1"
"953",18,743,3,"45",NA,NA,"1"
"954",18,744,1,"26","2","30","0"
"955",18,744,2,"24","1","20","0"
"956",18,745,1,"24","1","25","0"
"957",18,745,2,"45",NA,NA,"1"
"958",18,751,1,"25","1","20","1"
"959",18,751,2,"45","2","20","3"
"960",18,754,1,"24","5","25","0"
"961",18,755,1,"15","4","30","1"
"962",18,757,1,"58","1","35","0"
"963",18,757,2,"57","1","50","1"
"964",18,758,1,"26","2","30","1"
"965",18,758,2,"25","1","20","0"
"966",18,758,3,"45",NA,NA,"1"
"967",18,759,1,"25","1","30","1"
"968",18,760,1,"26",NA,NA,"1"
"969",18,762,1,"45",NA,NA,"1"
"970",18,763,1,"26","2","25","0"
"971",18,764,1,"24",NA,NA,"1"
"972",18,764,2,"45","15","20","3"
"973",18,767,1,"24","1","30","1"
"974",18,767,2,"45",NA,NA,"3"
"975",18,770,1,"45","6","35","3"
"976",18,771,1,"45","2","35","2"
"977",18,771,2,"15",NA,NA,"1"
"978",18,772,1,"45","12","40","3"
"979",18,772,2,"15",NA,NA,"1"
"980",18,775,1,"45",NA,NA,"3"
"981",18,775,2,"15",NA,NA,"1"
"982",18,775,3,"95",NA,NA,"2"
"983",18,777,1,"45","10","35","3"
"984",18,777,2,"15",NA,NA,"1"
"985",18,777,3,"93",NA,NA,"1"
"986",18,780,1,"45","13","40","3"
"987",18,780,2,"15",NA,NA,"1"
"988",18,787,1,"45",NA,NA,"3"
"989",18,787,2,"37",NA,NA,"3"
"990",18,790,1,"45",NA,NA,"3"
"991",18,790,2,"4",NA,NA,"2"
"992",18,792,1,"45",NA,NA,"2"
"993",18,793,1,"24",NA,NA,"2"
"994",18,793,2,"45",NA,NA,"3"
"995",18,793,3,"37",NA,NA,"1"
"996",18,797,1,"24",NA,NA,"1"
"997",18,797,2,"95",NA,NA,"1"
"998",18,799,1,"45",NA,NA,"3"
"999",18,799,2,"93",NA,NA,"3"
"1000",18,801,1,"45","2","25","3"
"1001",18,801,2,"93",NA,NA,"1"
"1002",18,801,3,"15",NA,NA,"1"
"1003",18,813,1,"45",NA,NA,"2"
"1004",18,813,2,"2",NA,NA,"3"
"1005",18,813,3,"37",NA,NA,"1"
"1006",18,813,4,"4",NA,NA,"3"
"1007",18,814,1,"26",NA,NA,"1"
"1008",18,814,2,"45","3","25","3"
"1009",18,814,3,"24","1","50","0"
"1010",18,814,4,"2",NA,NA,"3"
"1011",18,814,5,"37",NA,NA,"2"
"1012",18,816,1,"26",NA,NA,"1"
"1013",18,816,2,"45",NA,NA,"3"
"1014",18,816,3,"17","1","20","1"
"1015",18,816,4,"2",NA,NA,"1"
"1016",18,818,1,"45","2","25","3"
"1017",18,825,1,"25",NA,NA,"2"
"1018",18,825,2,"45",NA,NA,"1"
"1019",18,834,1,"58","1","55","0"
"1020",18,839,1,"24","1","20","0"
"1021",18,839,2,"66",NA,NA,"1"
"1022",18,839,3,"26","1","25","0"
"1023",18,839,4,"4",NA,NA,"1"
"1024",18,839,5,"45",NA,NA,"1"
"1025",18,851,1,"45","3","30","3"
"1026",18,852,1,"45","20","35","3"
"1027",18,852,2,"15","1","20","2"
"1028",18,853,1,"24","1","45","0"
"1029",18,854,1,"24",NA,NA,"1"
"1030",18,855,1,"17","7","35","0"
"1031",18,858,1,"45","15","30","3"
"1032",18,858,2,"37",NA,NA,"2"
"1033",18,859,1,"45","9","35","3"
"1034",18,859,2,"37",NA,NA,"3"
"1035",18,863,1,"45","11","25","3"
"1036",18,863,2,"37",NA,NA,"1"
"1037",18,864,1,"26","3","25","1"
"1038",18,864,2,"45","41","25","3"
"1039",18,864,3,"37","2","30","3"
"1040",18,865,1,"45",NA,NA,"1"
"1041",18,866,1,"45","4","30","3"
"1042",18,866,2,"37",NA,NA,"1"
"1043",18,868,1,"37",NA,NA,"1"
"1044",18,873,1,"26","1","40","0"
"1045",18,875,1,"45","1","35","1"
"1046",18,875,2,"15",NA,NA,"1"
"1047",18,877,1,"45","4","30","3"
"1048",18,877,2,"15",NA,NA,"1"
"1049",18,878,1,"25",NA,NA,"1"
"1050",18,878,2,"45",NA,NA,"3"
"1051",18,879,1,"45",NA,NA,"3"
"1052",18,879,2,"37","2","30","1"
"1053",18,880,1,"45","4","35","3"
"1054",18,880,2,"37","1","25","3"
"1055",18,885,1,"45",NA,NA,"3"
"1056",18,885,2,"24",NA,NA,"1"
"1057",18,887,1,"24","1","30","0"
"1058",18,888,1,"24",NA,NA,"1"
"1059",18,889,1,"26",NA,NA,"1"
"1060",18,889,2,"45",NA,NA,"3"
"1061",18,891,1,"45","16","30","3"
"1062",18,891,2,"37",NA,NA,"2"
"1063",18,893,1,"26","3","35","0"
"1064",18,893,2,"15",NA,NA,"2"
"1065",18,896,1,"45",NA,NA,"3"
"1066",18,896,2,"37",NA,NA,"1"
"1067",18,898,1,"45",NA,NA,"3"
"1068",18,899,1,"45",NA,NA,"1"
"1069",18,900,1,"45",NA,NA,"3"
"1070",18,902,1,"24",NA,NA,NA
"1071",18,906,1,"45",NA,NA,"2"
"1072",18,907,1,"26",NA,NA,"1"
"1073",18,907,2,"45",NA,NA,"2"
"1074",18,909,1,"45",NA,NA,"2"
"1075",18,909,2,"37",NA,NA,"2"
"1076",18,910,1,"45",NA,NA,"1"
"1077",18,911,1,"26",NA,NA,"2"
"1078",18,911,2,"45",NA,NA,"1"
"1079",18,912,1,"45",NA,NA,"3"
"1080",18,912,2,"26",NA,NA,"1"
"1081",18,913,1,"24",NA,NA,"1"
"1082",18,914,1,"24","2","20","1"
"1083",18,916,1,"26",NA,NA,"1"
"1084",18,916,2,"2",NA,NA,"1"
"1085",18,916,3,"45",NA,NA,"2"
"1086",18,916,4,"44","1","30","2"
"1087",18,916,5,"37",NA,NA,"1"
"1088",18,916,6,"95",NA,NA,"1"
"1089",18,918,1,"37",NA,NA,"3"
"1090",18,921,1,"17","1","25","0"
"1091",18,921,2,"36",NA,NA,"1"
"1092",18,922,1,"26",NA,NA,"1"
"1093",18,922,2,"39","1","20","1"
"1094",18,922,3,"45","2","25","3"
"1095",18,922,4,"37",NA,NA,"3"
"1096",18,924,1,"37",NA,NA,"1"
"1097",18,933,1,"24",NA,NA,"1"
"1098",18,933,2,"37",NA,NA,"3"
"1099",18,933,3,"45",NA,NA,"3"
"1100",18,934,1,"26",NA,NA,"1"
"1101",18,934,2,"37",NA,NA,"2"
"1102",18,934,3,"45",NA,NA,"3"
"1103",18,935,1,"45","3","25","3"
"1104",18,936,1,"45",NA,NA,"3"
"1105",18,937,1,"26","9","35","1"
"1106",18,954,1,"45","43","40","3"
"1107",18,971,1,"45",NA,NA,"3"
"1108",18,973,1,"45",NA,NA,"3"
"1109",18,973,2,"37",NA,NA,"1"
"1110",18,977,1,"45",NA,NA,"1"
"1111",18,985,1,"37",NA,NA,"3"
"1112",18,985,2,"4",NA,NA,"2"
"1113",18,994,1,"24","4","30","0"
"1114",18,1001,1,"25","1","30","0"
"1115",18,1001,2,"45",NA,NA,"2"
"1116",18,1001,3,"15",NA,NA,"1"
"1117",18,1006,1,"15",NA,NA,"2"
"1118",18,1016,1,"15","1","20","3"
"1119",18,1018,1,"25","2","40","0"
"1120",18,1018,2,"21","1","40","0"
"1121",18,1018,3,"37",NA,NA,"1"
"1122",18,1018,4,"15",NA,NA,"1"
"1123",18,1021,1,"25","2","35","0"
"1124",18,1022,1,"25",NA,NA,"1"
"1125",18,1022,2,"39",NA,NA,"3"
"1126",18,1029,1,"25","2","25","1"
"1127",18,1029,2,"37",NA,NA,"3"
"1128",18,1029,3,"45",NA,NA,"1"
"1129",18,1031,1,"24",NA,NA,"1"
"1130",18,1031,2,"25",NA,NA,"1"
"1131",18,1031,3,"45","14","25","3"
"1132",18,1032,1,"25","5","30","1"
"1133",18,1032,2,"26","4","30","1"
"1134",18,1032,3,"45",NA,NA,"1"
"1135",18,1033,1,"45","2","35","2"
"1136",18,1035,1,"21","5","35","0"
"1137",18,1035,2,"45",NA,NA,"2"
"1138",18,1036,1,"45","4","25","3"
"1139",18,1036,2,"25",NA,NA,"1"
"1140",18,1038,1,"45","17","35","3"
"1141",18,1038,2,"37",NA,NA,"1"
"1142",18,1039,1,"24",NA,NA,"1"
"1143",18,1042,1,"45",NA,NA,"3"
"1144",18,1044,1,"26","1","30","0"
"1145",18,1044,2,"45",NA,NA,"3"
"1146",18,1045,1,"45","4","20","3"
"1147",18,1046,1,"24","11","25","1"
"1148",18,1047,1,"24","2","35","0"
"1149",18,1048,1,"24","1","30","0"
"1150",18,1049,1,"45",NA,NA,"3"
"1151",18,1049,2,"24",NA,NA,"2"
"1152",18,1050,1,"45",NA,NA,"2"
"1153",18,1051,1,"45","22","30","3"
"1154",18,1051,2,"26","3","25","1"
"1155",18,1053,1,"45",NA,NA,"3"
"1156",18,1054,1,"45","1","20","3"
"1157",18,1059,1,"24","4","35","1"
"1158",18,1060,1,"45",NA,NA,"3"
"1159",18,1061,1,"24","1","50","0"
"1160",18,1061,2,"45",NA,NA,"3"
"1161",18,1066,1,"45","7","40","3"
"1162",18,1068,1,"45","8","20","3"
"1163",18,1070,1,"26","2","20","0"
"1164",18,1071,1,"45",NA,NA,"3"
"1165",18,1072,1,"37",NA,NA,"3"
"1166",18,1072,2,"39",NA,NA,"3"
"1167",18,1073,1,"25","3","35","0"
"1168",18,1074,1,"45",NA,NA,"1"
"1169",18,1075,1,"26","1","40","0"
"1170",18,1077,1,"39",NA,NA,"3"
"1171",18,1078,1,"39",NA,NA,"3"
"1172",18,1079,1,"25","1","20","0"
"1173",18,1079,2,"39",NA,NA,"3"
"1174",18,1082,1,"15",NA,NA,"3"
"1175",18,1082,2,"57","6","50",NA
"1176",18,1088,1,"25","1","35","0"
"1177",18,1089,1,"24",NA,NA,"1"
"1178",18,1089,2,"45",NA,NA,"2"
"1179",18,1090,1,"25",NA,NA,"1"
"1180",18,1090,2,"21",NA,NA,"1"
"1181",18,1096,1,"21","7","40","2"
"1182",18,1096,2,"15",NA,NA,"1"
"1183",18,1098,1,"45",NA,NA,"3"
"1184",18,1099,1,"45","2","30","3"
"1185",18,1105,1,"45",NA,NA,"2"
"1186",18,1105,2,"15",NA,NA,"1"
"1187",18,1106,1,"25","2","30","1"
"1188",18,1106,2,"21","3","25","0"
"1189",18,1107,1,"25","2","25","0"
"1190",18,1112,1,"25","1","20","0"
"1191",18,1113,1,"15",NA,NA,"1"
"1192",18,1114,1,"25",NA,NA,"1"
"1193",18,1114,2,"21","1","20","1"
"1194",18,1114,3,"15",NA,NA,"3"
"1195",18,1115,1,"25","2","35","0"
"1196",18,1115,2,"21","2","35","0"
"1197",18,1116,1,"15","5","20","3"
"1198",18,1117,1,"21",NA,NA,"1"
"1199",18,1117,2,"45",NA,NA,"2"
"1200",18,1118,1,"26","2","25","0"
"1201",18,1118,2,"45",NA,NA,"3"
"1202",18,1118,3,"15",NA,NA,"3"
"1203",18,1119,1,"45","5","30","3"
"1204",18,1119,2,"15",NA,NA,"3"
"1205",18,1121,1,"25",NA,NA,"1"
"1206",18,1122,1,"25","1","25","1"
"1207",18,1123,1,"25","2","35",NA
"1208",18,1123,2,"21","4","25","1"
"1209",18,1124,1,"15",NA,NA,"2"
"1210",18,1125,1,"45","9","30","3"
"1211",18,1125,2,"25",NA,NA,"1"
"1212",18,1125,3,"15",NA,NA,"1"
"1213",18,1126,1,"45","6","30","3"
"1214",18,1126,2,"15",NA,NA,"2"
"1215",18,1127,1,"45","2","20","3"
"1216",18,1127,2,"15",NA,NA,"1"
"1217",18,1129,1,"15",NA,NA,"3"
"1218",18,1130,1,"15","2","30","3"
"1219",18,1132,1,"25","1","25","0"
"1220",18,1132,2,"15",NA,NA,"3"
"1221",18,1134,1,"21","4","25","2"
"1222",18,1135,1,"25","1","40","0"
"1223",18,1135,2,"21","2","25","0"
"1224",18,1138,1,"25",NA,NA,"1"
"1225",18,1139,1,"15",NA,NA,"3"
"1226",18,1140,1,"25","1","45","0"
"1227",18,1140,2,"15",NA,NA,"3"
"1228",18,1142,1,"45",NA,NA,"2"
"1229",18,1143,1,"45",NA,NA,"3"
"1230",18,1144,1,"45",NA,NA,"3"
"1231",18,1145,1,"45","6","25","3"
"1232",18,1145,2,"93",NA,NA,"2"
"1233",18,1148,1,"45","1","20","3"
"1234",18,1148,2,"15",NA,NA,"1"
"1235",18,1149,1,"93","6","35","2"
"1236",18,1149,2,"15",NA,NA,"3"
"1237",18,1149,3,"45",NA,NA,"3"
"1238",18,1151,1,"45",NA,NA,"3"
"1239",18,1152,1,"45","3","20","3"
"1240",18,1153,1,"45",NA,NA,"3"
"1241",18,1153,2,"93",NA,NA,"1"
"1242",18,1154,1,"15",NA,NA,"1"
"1243",18,1155,1,"45","11","30","3"
"1244",18,1156,1,"45","2","50","3"
"1245",18,1156,2,"44",NA,NA,"2"
"1246",18,1156,3,"93","9","35","3"
"1247",18,1156,4,"15",NA,NA,"2"
"1248",18,1158,1,"24","4","45","0"
"1249",18,1158,2,"37","1","30","2"
"1250",18,1158,3,"45","2","35","0"
"1251",18,1161,1,"24",NA,NA,"1"
"1252",18,1161,2,"45","15","35","3"
"1253",18,1161,3,"93",NA,NA,"1"
"1254",18,1161,4,"37",NA,NA,"1"
"1255",18,1163,1,"45","2","20","3"
"1256",18,1165,1,"45","14","35","3"
"1257",18,1169,1,"45","29","30","3"
"1258",18,1171,1,"45",NA,NA,"3"
"1259",18,1177,1,"24","6","25","0"
"1260",18,1184,1,"24",NA,NA,"2"
"1261",18,1186,1,"25",NA,NA,"1"
"1262",18,1187,1,"45","18","31","3"
"1263",18,1187,2,"37",NA,NA,"3"
"1264",18,1188,1,"45",NA,NA,"1"
"1265",18,1188,2,"15",NA,NA,"2"
"1266",18,1189,1,"24","3","26","0"
"1267",18,1189,2,"45",NA,NA,"2"
"1268",18,1195,1,"45","6","21","2"
"1269",18,1196,1,"24","6","28","0"
"1270",18,1197,1,"24","14","21","2"
"1271",18,1197,2,"26",NA,NA,"1"
"1272",18,1200,1,"45","5","21","3"
"1273",18,1201,1,"25",NA,NA,"1"
"1274",18,1201,2,"45",NA,NA,"1"
"1275",18,1203,1,"45",NA,NA,"3"
"1276",18,1205,1,"24","6","21","2"
"1277",18,1206,1,"24","11","24","1"
"1278",18,1208,1,"45","30","25","3"
"1279",18,1211,1,"45",NA,NA,"1"
"1280",18,1214,1,"24","1","20","0"
"1281",18,1214,2,"45",NA,NA,"3"
"1282",18,1215,1,"45",NA,NA,"3"
"1283",18,1216,1,"26","6","22","1"
"1284",18,1216,2,"45","1","24","1"
"1285",18,1219,1,"21","2","45","0"
"1286",18,1220,1,"45",NA,NA,"1"
"1287",18,1220,2,"15",NA,NA,"1"
"1288",18,1221,1,"45",NA,NA,"3"
"1289",18,1222,1,"44","2","26","0"
"1290",18,1222,2,"95","9","31","2"
"1291",18,1222,3,"93",NA,NA,"2"
"1292",18,1222,4,"45",NA,NA,"2"
"1293",18,1222,5,"15",NA,NA,"2"
"1294",18,1224,1,"15",NA,NA,"3"
"1295",18,1224,2,"95",NA,NA,"2"
"1296",18,1225,1,"45","39","24","3"
"1297",18,1226,1,"45",NA,NA,"2"
"1298",18,1228,1,"29","1","30","0"
"1299",18,1228,2,"21","1","25","0"
"1300",18,1231,1,"43",NA,NA,"3"
"1301",18,1231,2,"15",NA,NA,"2"
"1302",18,1232,1,"43",NA,NA,"3"
"1303",18,1232,2,"45",NA,NA,"2"
"1304",18,1232,3,"15",NA,NA,"2"
"1305",18,1233,1,"93","6","22","1"
"1306",18,1233,2,"45","2","20","2"
"1307",18,1233,3,"13","1","35","0"
"1308",18,1233,4,"15",NA,NA,"2"
"1309",18,1236,1,"21","1","30","1"
"1310",18,1238,1,"2",NA,NA,"3"
"1311",18,1240,1,"21","1","35","0"
"1312",18,1241,1,"55",NA,NA,"1"
"1313",18,1245,1,"93","1","23","1"
"1314",18,1245,2,"4",NA,NA,"3"
"1315",18,1246,1,"45","1","23","3"
"1316",18,1246,2,"37",NA,NA,"2"
"1317",18,1246,3,"93",NA,NA,"2"
"1318",18,1246,4,"4",NA,NA,"2"
"1319",18,1246,5,"2",NA,NA,"1"
"1320",18,1247,1,"45","10","29","3"
"1321",18,1247,2,"37",NA,NA,"3"
"1322",18,1247,3,"2",NA,NA,"3"
"1323",18,1247,4,"76",NA,NA,"2"
"1324",18,1247,5,"95",NA,NA,"3"
"1325",18,1247,6,"78",NA,NA,"1"
"1326",18,1249,1,"26","3","26","0"
"1327",18,1249,2,"37",NA,NA,"3"
"1328",18,1253,1,"45",NA,NA,"3"
"1329",18,1254,1,"15",NA,NA,"1"
"1330",18,1254,2,"95",NA,NA,"3"
"1331",18,1255,1,"45",NA,NA,"1"
"1332",18,1255,2,"37",NA,NA,"1"
"1333",18,1255,3,"2",NA,NA,"2"
"1334",18,1256,1,"45","16","23","3"
"1335",18,1256,2,"95",NA,NA,"2"
"1336",18,1260,1,"15",NA,NA,"1"
"1337",18,1260,2,"37",NA,NA,"1"
"1338",18,1268,1,"37",NA,NA,"3"
"1339",18,1269,1,"26","1","17","1"
"1340",18,1269,2,"45",NA,NA,"2"
"1341",18,1270,1,"26",NA,NA,"1"
"1342",18,1271,1,"45",NA,NA,"2"
"1343",18,1271,2,"37",NA,NA,"2"
"1344",18,1271,3,"4",NA,NA,"3"
"1345",18,1272,1,"45",NA,NA,"3"
"1346",18,1273,1,"15","14","23","3"
"1347",18,1273,2,"95",NA,NA,"3"
"1348",18,1273,3,"39",NA,NA,"2"
"1349",18,1273,4,"45",NA,NA,"1"
"1350",18,1279,1,"2",NA,NA,"2"
"1351",18,1279,2,"95",NA,NA,"2"
"1352",18,1280,1,"45",NA,NA,"1"
"1353",18,1288,1,"26","1","17","0"
"1354",18,1289,1,"21","1","25","2"
"1355",18,1296,1,"25",NA,NA,"1"
"1356",18,1299,1,"25","7","40","0"
"1357",18,1300,1,"57","2","20","3"
"1358",18,1302,1,"21","1","30","0"
"1359",18,1302,2,"45","7","30","3"
"1360",18,1303,1,"26","3","30","0"
"1361",18,1304,1,"45","6","20","3"
"1362",18,1307,1,"45","2","20","3"
"1363",18,1309,1,"45",NA,NA,"2"
"1364",18,1310,1,"45","7","40","3"
"1365",18,1310,2,"29","4","30","1"
"1366",18,1313,1,"45",NA,NA,"1"
"1367",18,1315,1,"45",NA,NA,"3"
"1368",18,1316,1,"45","2","24","3"
"1369",18,1316,2,"26","1","18","2"
"1370",18,1316,3,"15",NA,NA,"1"
"1371",18,1318,1,"45","28","30","3"
"1372",18,1321,1,"45",NA,NA,"2"
"1373",18,1321,2,"95",NA,NA,"1"
"1374",18,1322,1,"45","16","25","3"
"1375",18,1324,1,"25","1","35","0"
"1376",18,1324,2,"45","5","25","3"
"1377",18,1324,3,"95",NA,NA,"1"
"1378",18,1326,1,"45","5","40","3"
"1379",18,1328,1,"21","4","30","1"
"1380",18,1329,1,"45","25","30","3"
"1381",18,1331,1,"29",NA,NA,"1"
"1382",18,1331,2,"45","5","24","3"
"1383",18,1331,3,"15",NA,NA,"3"
"1384",18,1332,1,"15",NA,NA,"1"
"1385",18,1334,1,"26",NA,NA,"1"
"1386",18,1334,2,"45",NA,NA,"1"
"1387",18,1334,3,"95",NA,NA,"2"
"1388",18,1335,1,"26",NA,NA,"1"
"1389",18,1335,2,"15",NA,NA,"3"
"1390",18,1336,1,"45","16","40","3"
"1391",18,1336,2,"15",NA,NA,"1"
"1392",18,1337,1,"45","8","20","3"
"1393",18,1337,2,"15",NA,NA,"2"
"1394",18,1339,1,"25","3","30","0"
"1395",18,1341,1,"26","1","30","0"
"1396",18,1342,1,"25",NA,NA,"1"
"1397",18,1342,2,"15",NA,NA,"3"
"1398",18,1342,3,"45",NA,NA,"1"
"1399",18,1343,1,"45","36","30","3"
"1400",18,1343,2,"21","3","25","1"
"1401",18,1344,1,"45","6","30","3"
"1402",18,1344,2,"21","3","30","0"
"1403",18,1345,1,"21","3","30","0"
"1404",18,1345,2,"26","1","25","0"
"1405",18,1345,3,"45","11","23","3"
"1406",18,1345,4,"15",NA,NA,"3"
"1407",18,1348,1,"15",NA,NA,"1"
"1408",18,1348,2,"95",NA,NA,"2"
"1409",18,1350,1,"45","20","30","3"
"1410",18,1350,2,"95",NA,NA,"1"
"1411",18,1353,1,"21","2","50","0"
"1412",18,1353,2,"15","14","40","3"
"1413",18,1354,1,"21",NA,NA,"1"
"1414",18,1356,1,"21",NA,NA,"1"
"1415",18,1357,1,"95",NA,NA,"3"
"1416",18,1358,1,"21","1","30","0"
"1417",18,1358,2,"25",NA,NA,"1"
"1418",18,1358,3,"15",NA,NA,"2"
"1419",18,1361,1,"45",NA,NA,"1"
"1420",18,1362,1,"24",NA,NA,"1"
"1421",18,1362,2,"45",NA,NA,"2"
"1422",18,1363,1,"15",NA,NA,"2"
"1423",18,1366,1,"25",NA,NA,"1"
"1424",18,1366,2,"15",NA,NA,"3"
"1425",18,1370,1,"45",NA,NA,"1"
"1426",18,1372,1,"21",NA,NA,"1"
"1427",18,1376,1,"21","3","50","1"
"1428",18,1395,1,"21","3","30","0"
"1429",18,1398,1,"15",NA,NA,"2"
"1430",18,1402,1,"21","4","45","0"
"1431",18,1406,1,"45","10","30","3"
"1432",18,1407,1,"45","3","20","0"
"1433",18,1411,1,"45","2","30","3"
"1434",18,1414,1,"45","7","25","3"
"1435",18,1416,1,"21","3","40","0"
"1436",18,1419,1,"21",NA,NA,"1"
"1437",18,1420,1,"45","1","20","3"
"1438",18,1424,1,"45",NA,NA,"3"
"1439",18,1424,2,"15",NA,NA,"1"
"1440",18,1428,1,"15",NA,NA,"1"
"1441",18,1428,2,"95",NA,NA,"1"
"1442",18,1429,1,"45","1","15","3"
"1443",18,1429,2,"95","1","20","3"
"1444",18,1430,1,"45","2","20","3"
"1445",18,1431,1,"15",NA,NA,"2"
"1446",18,1433,1,"45",NA,NA,"1"
"1447",18,1433,2,"66","1","35","1"
"1448",18,1434,1,"45","1","35","1"
"1449",18,1434,2,"15",NA,NA,"1"
"1450",18,1435,1,"95",NA,NA,"1"
"1451",18,1442,1,"24",NA,NA,"3"
"1452",18,1442,2,"37",NA,NA,"1"
"1453",18,1445,1,"45",NA,NA,"1"
"1454",18,1446,1,"45",NA,NA,"3"
"1455",18,1447,1,"26","3","50","0"
"1456",18,1447,2,"45",NA,NA,"1"
"1457",18,1448,1,"45","1","30","3"
"1458",18,1448,2,"15",NA,NA,"1"
"1459",18,1450,1,"37",NA,NA,"2"
"1460",18,1452,1,"45","10","40","3"
"1461",18,1452,2,"4",NA,NA,"2"
"1462",18,1454,1,"45","20","50","3"
"1463",18,1454,2,"4",NA,NA,"1"
"1464",18,1459,1,"24","3","25","1"
"1465",18,1459,2,"4",NA,NA,"3"
"1466",18,1460,1,"24","1","35","0"
"1467",18,1460,2,"37","2","30","2"
"1468",18,1460,3,"95",NA,NA,"2"
"1469",18,1460,4,"45",NA,NA,"1"
"1470",18,1469,1,"39","13","40","1"
"1471",18,1473,1,"39",NA,NA,"1"
"1472",18,1473,2,"37",NA,NA,"2"
"1473",18,1473,3,"45",NA,NA,"2"
"1474",18,1473,4,"4",NA,NA,"1"
"1475",18,1476,1,"26","1","20","0"
"1476",18,1488,1,"45","7","17","3"
"1477",18,1489,1,"37",NA,NA,"1"
"1478",18,1489,2,"45",NA,NA,"3"
"1479",18,1489,3,"24",NA,NA,"1"
"1480",18,1490,1,"45",NA,NA,"2"
"1481",18,1490,2,"37",NA,NA,"2"
"1482",18,1491,1,"37",NA,NA,"1"
"1483",18,1492,1,"45","29","25","3"
"1484",18,1492,2,"37",NA,NA,"1"
"1485",18,1493,1,"45","1","25","3"
"1486",18,1494,1,"45",NA,NA,"3"
"1487",18,1495,1,"24",NA,NA,"1"
"1488",18,1495,2,"37",NA,NA,"1"
"1489",18,1497,1,"45",NA,NA,"2"
"1490",18,1499,1,"37",NA,NA,"3"
"1491",18,1499,2,"45",NA,NA,"1"
"1492",18,1502,1,"45",NA,NA,"3"
"1493",18,1502,2,"37",NA,NA,"3"
"1494",18,1503,1,"26","3","17","1"
"1495",18,1503,2,"37",NA,NA,"2"
"1496",18,1504,1,"37",NA,NA,"3"
"1497",18,1504,2,"45",NA,NA,"1"
"1498",18,1505,1,"37",NA,NA,"3"
"1499",18,1505,2,"4",NA,NA,"3"
"1500",18,1511,1,"37",NA,NA,"2"
"1501",18,1511,2,"4",NA,NA,"1"
"1502",18,1525,1,"58",NA,NA,"1"
"1503",18,1525,2,"15",NA,NA,"2"
"1504",18,1527,1,"26","13","30","2"
"1505",18,1527,2,"24","1","25","0"
"1506",18,1527,3,"45","1","25","1"
"1507",18,1538,1,"26",NA,NA,"1"
"1508",18,1538,2,"37",NA,NA,"2"
"1509",18,1539,1,"37","5","20","3"
"1510",18,1543,1,"26","1","23","1"
"1511",18,1543,2,"24",NA,NA,"1"
"1512",18,1550,1,"37","1","23","1"
"1513",18,1551,1,"24",NA,NA,"1"
"1514",18,1551,2,"37","1","20","2"
"1515",18,1551,3,"39",NA,NA,"1"
"1516",18,1552,1,"24","1","20","0"
"1517",18,1552,2,"45",NA,NA,"3"
"1518",18,1552,3,"37",NA,NA,"3"
"1519",18,1553,1,"24","2","25","0"
"1520",18,1553,2,"37",NA,NA,"2"
"1521",18,1554,1,"37","1","22","2"
"1522",18,1555,1,"24","1","55","1"
"1523",18,1555,2,"45","1","30","2"
"1524",18,1555,3,"37",NA,NA,"2"
"1525",18,1556,1,"24","1","42","1"
"1526",18,1560,1,"24","2","19","0"
"1527",18,1570,1,"45",NA,NA,"3"
"1528",18,1570,2,"37",NA,NA,"1"
"1529",18,1575,1,"26",NA,NA,"1"
"1530",18,1575,2,"45",NA,NA,"3"
"1531",18,1575,3,"24",NA,NA,"1"
"1532",18,1581,1,"37",NA,NA,"3"
"1533",18,1583,1,"26",NA,NA,"1"
"1534",18,1583,2,"45",NA,NA,"3"
"1535",18,1584,1,"24",NA,NA,"1"
"1536",18,1584,2,"37",NA,NA,"3"
"1537",18,1585,1,"24","2","30","0"
"1538",18,1585,2,"37",NA,NA,"1"
"1539",18,1595,1,"43","10","40","3"
"1540",18,1599,1,"26","1","30","2"
"1541",18,1599,2,"45","4","25","3"
"1542",18,1599,3,"37",NA,NA,"2"
"1543",18,1609,1,"26","1","30","0"
"1544",18,1609,2,"37",NA,NA,"1"
"1545",18,1615,1,"26",NA,NA,"3"
"1546",18,1615,2,"24",NA,NA,"1"
"1547",18,1615,3,"45",NA,NA,"2"
"1548",18,1646,1,"26","1","30","3"
"1549",18,1646,2,"45","2","20","3"
"1550",18,1648,1,"24","6","20","0"
"1551",18,1648,2,"37","7","20","3"
"1552",18,1648,3,"91",NA,NA,"3"
"1553",18,1657,1,"24",NA,NA,"2"
"1554",18,1657,2,"45",NA,NA,"3"
"1555",18,1657,3,"66",NA,NA,"1"
"1556",18,1657,4,"93",NA,NA,"3"
"1557",18,1667,1,"24","6","65","0"
"1558",18,1667,2,"91",NA,NA,"3"
"1559",18,1672,1,"45","2","35","3"
"1560",18,1678,1,"95","5","24","2"
"1561",18,1678,2,"15",NA,NA,"1"
"1562",18,1691,1,"45","9","30","3"
"1563",18,1692,1,"45","1","30","3"
"1564",18,1694,1,"21","2","30","0"
"1565",18,1695,1,"45","9","30","3"
"1566",18,1696,1,"21","1","35","0"
"1567",18,1696,2,"25","1","35","0"
"1568",18,1698,1,"45",NA,NA,"3"
"1569",18,1699,1,"43",NA,NA,"3"
"1570",18,1699,2,"45",NA,NA,"2"
"1571",18,1701,1,"21","11","30","2"
"1572",18,1705,1,"43","2","30","3"
"1573",18,1707,1,"21","1","45","1"
"1574",18,1707,2,"43",NA,NA,"2"
"1575",18,1707,3,"45",NA,NA,"1"
"1576",18,1710,1,"45","27","30","3"
"1577",18,1711,1,"43","3","40","3"
"1578",18,1711,2,"45","3","35","3"
"1579",18,1719,1,"43","5","30","3"
"1580",18,1723,1,"45",NA,NA,"3"
"1581",18,1737,1,"37",NA,NA,"3"
"1582",18,1744,1,"24",NA,NA,"1"
"1583",18,1744,2,"26",NA,NA,"1"
"1584",18,1774,1,"25","1","25","0"
"1585",18,1774,2,"45","3","35","3"
"1586",18,1788,1,"26","1","40","0"
"1587",18,1788,2,"45","7","35","3"
"1588",18,1788,3,"37",NA,NA,"2"
"1589",18,1790,1,"95","8","20","0"
"1590",18,1791,1,"24","5","25","1"
"1591",18,1791,2,"37",NA,NA,"3"
"1592",18,1796,1,"24","7","20","1"
"1593",18,1796,2,"37",NA,NA,"1"
"1594",18,1802,1,"24","3","30","1"
"1595",18,1802,2,"91",NA,NA,"3"
"1596",18,1802,3,"66",NA,NA,"2"
"1597",18,1802,4,"37",NA,NA,"2"
"1598",18,1802,5,"6",NA,NA,"1"
"1599",18,1832,1,"66",NA,NA,"2"
"1600",18,1832,2,"28",NA,NA,"1"
"1601",18,1834,1,"24","2","35","0"
"1602",18,1834,2,"66","1","30","0"
"1603",18,1843,1,"24","4","25","0"
"1604",18,1844,1,"66","1","30","2"
"1605",18,1858,1,"58","1","85","0"
"1606",18,1858,2,"24",NA,NA,"1"
"1607",18,1859,1,"58","8","80","1"
"1608",18,1859,2,"15",NA,NA,"1"
"1609",18,1859,3,"25","1","30","1"
"1610",18,1579,1,"37",NA,NA,"2"
"1611",18,1580,1,"26",NA,NA,"3"
"1612",18,1582,1,"26",NA,NA,"2"
"1613",18,1582,2,"45","2","35","3"
"1614",18,1582,3,"37","1","30","3"
"1615",18,1586,1,"24","4","20","1"
"1616",18,1586,2,"37",NA,NA,"2"
"1617",18,1587,1,"26",NA,NA,"2"
"1618",18,1587,2,"24",NA,NA,"1"
"1619",18,1587,3,"37",NA,NA,"2"
"1620",18,1588,1,"45",NA,NA,"3"
"1621",18,1588,2,"24",NA,NA,"1"
"1622",18,1592,1,"26",NA,NA,"1"
"1623",18,1593,1,"26","2","19","3"
"1624",18,1593,2,"37",NA,NA,"2"
"1625",18,1597,1,"37",NA,NA,"2"
"1626",18,1598,1,"26","1","20","1"
"1627",18,1598,2,"91",NA,NA,"3"
"1628",18,1600,1,"24","6","25","1"
"1629",18,1600,2,"37",NA,NA,"2"
"1630",18,1601,1,"24",NA,NA,"1"
"1631",18,1601,2,"37",NA,NA,"3"
"1632",18,1603,1,"24",NA,NA,"1"
"1633",18,1603,2,"37",NA,NA,"3"
"1634",18,1607,1,"37","1","25","2"
"1635",18,1608,1,"26",NA,NA,"1"
"1636",18,1611,1,"24",NA,NA,"1"
"1637",18,1611,2,"45",NA,NA,"3"
"1638",18,1612,1,"26",NA,NA,"2"
"1639",18,1612,2,"37",NA,NA,"2"
"1640",18,1618,1,"45",NA,NA,"3"
"1641",18,1624,1,"26",NA,NA,"1"
"1642",18,1628,1,"45",NA,NA,"3"
"1643",18,1628,2,"37",NA,NA,"3"
"1644",18,1631,1,"24","3","25","3"
"1645",18,1631,2,"37",NA,NA,"3"
"1646",18,1631,3,"91",NA,NA,"3"
"1647",18,1633,1,"24",NA,NA,"1"
"1648",18,1633,2,"91",NA,NA,"3"
"1649",18,1633,3,"37",NA,NA,"1"
"1650",18,1635,1,"24","3","30","1"
"1651",18,1636,1,"24","13","30","0"
"1652",18,1638,1,"26",NA,NA,"2"
"1653",18,1642,1,"26",NA,NA,"2"
"1654",18,1642,2,"24",NA,NA,"1"
"1655",18,1642,3,"37",NA,NA,"3"
"1656",18,1643,1,"26","3","25","0"
"1657",18,1643,2,"37",NA,NA,"3"
"1658",18,1645,1,"26","1","35","1"
"1659",18,1645,2,"37",NA,NA,"3"
"1660",18,1649,1,"24",NA,NA,"1"
"1661",18,1649,2,"95","2","20","0"
"1662",18,1658,1,"24","1","22","1"
"1663",18,1658,2,"91",NA,NA,"3"
"1664",18,1661,1,"45",NA,NA,"2"
"1665",18,1661,2,"37",NA,NA,"3"
"1666",18,1662,1,"37",NA,NA,"3"
"1667",18,1664,1,"24",NA,NA,"2"
"1668",18,1664,2,"37",NA,NA,"3"
"1669",18,1664,3,"91",NA,NA,"3"
"1670",18,1665,1,"37",NA,NA,"2"
"1671",18,1668,1,"26",NA,NA,"1"
"1672",18,1670,1,"22","19","30","0"
"1673",18,1674,1,"21","9","30","1"
"1674",18,1677,1,"24","6","25","2"
"1675",18,1685,1,"15",NA,NA,"3"
"1676",18,1703,1,"78","1","45","0"
"1677",18,1704,1,"43",NA,NA,"3"
"1678",18,1704,2,"45",NA,NA,"3"
"1679",18,1712,1,"43",NA,NA,"3"
"1680",18,1712,2,"45",NA,NA,"1"
"1681",18,1717,1,"72",NA,NA,"1"
"1682",18,1718,1,"45",NA,NA,"3"
"1683",18,1722,1,"45","9","30","3"
"1684",18,1726,1,"45","1","25","3"
"1685",18,1731,1,"45","2","22","3"
"1686",18,1733,1,"37",NA,NA,"1"
"1687",18,1736,1,"24","1","30","1"
"1688",18,1742,1,"24",NA,NA,"1"
"1689",18,1745,1,"24",NA,NA,"1"
"1690",18,1746,1,"24",NA,NA,"1"
"1691",18,1747,1,"24","1","35","1"
"1692",18,1748,1,"24",NA,NA,"1"
"1693",18,1749,1,"24",NA,NA,"3"
"1694",18,1754,1,"24",NA,NA,"2"
"1695",18,1754,2,"37",NA,NA,"3"
"1696",18,1754,3,"93",NA,NA,"1"
"1697",18,1756,1,"24",NA,NA,"1"
"1698",18,1758,1,"46","1","17","3"
"1699",18,1760,1,"45",NA,NA,"3"
"1700",18,1761,1,"24","1","35","1"
"1701",18,1762,1,"37",NA,NA,"3"
"1702",18,1762,2,"24",NA,NA,"1"
"1703",18,1764,1,"45","10","30","3"
"1704",18,1764,2,"37",NA,NA,"1"
"1705",18,1766,1,"45",NA,NA,"3"
"1706",18,1771,1,"45",NA,NA,"3"
"1707",18,1771,2,"37",NA,NA,"3"
"1708",18,1771,3,"24",NA,NA,"1"
"1709",18,1773,1,"45",NA,NA,"3"
"1710",18,1776,1,"26","5","35","1"
"1711",18,1776,2,"45",NA,NA,"1"
"1712",18,1777,1,"45",NA,NA,"3"
"1713",18,1778,1,"95","3","30","0"
"1714",18,1779,1,"45",NA,NA,"3"
"1715",18,1781,1,"15","1","24","3"
"1716",18,1781,2,"76",NA,NA,"1"
"1717",18,1782,1,"45",NA,NA,"3"
"1718",18,1782,2,"25",NA,NA,"1"
"1719",18,1786,1,"45","14","20","3"
"1720",18,1787,1,"26","2","30","1"
"1721",18,1787,2,"66","4","20","0"
"1722",18,1794,1,"37",NA,NA,"3"
"1723",18,1795,1,"91",NA,NA,"3"
"1724",18,1797,1,"24",NA,NA,"1"
"1725",18,1801,1,"37",NA,NA,"3"
"1726",18,1801,2,"91",NA,NA,"3"
"1727",18,1804,1,"95","4","30","0"
"1728",18,1805,1,"66","27","20","3"
"1729",18,1805,2,"69",NA,NA,"3"
"1730",18,1807,1,"69",NA,NA,"1"
"1731",18,1808,1,"69",NA,NA,"3"
"1732",18,1811,1,"24","1","25","0"
"1733",18,1811,2,"69",NA,NA,"3"
"1734",18,1812,1,"45",NA,NA,"3"
"1735",18,1812,2,"37","5","15","3"
"1736",18,1814,1,"45","3","20","3"
"1737",18,1818,1,"45","1","20","2"
"1738",18,1822,1,"45",NA,NA,"3"
"1739",18,1822,2,"46",NA,NA,"1"
"1740",18,1823,1,"45","5","20","3"
"1741",18,1824,1,"45","10","20","3"
"1742",18,1825,1,"45",NA,NA,"3"
"1743",18,1827,1,"45",NA,NA,"2"
"1744",18,1827,2,"37",NA,NA,"3"
"1745",18,1831,1,"24","5","25","1"
"1746",18,1831,2,"66",NA,NA,"1"
"1747",18,1836,1,"95","3","30","1"
"1748",18,1836,2,"66",NA,NA,"1"
"1749",18,1837,1,"24","1","25","0"
"1750",18,1837,2,"69",NA,NA,"3"
"1751",18,1838,1,"46",NA,NA,"3"
"1752",18,1838,2,"26","1","20","0"
"1753",18,1838,3,"24","1","20","0"
"1754",18,1838,4,"37",NA,NA,"3"
"1755",18,1839,1,"46",NA,NA,"2"
"1756",18,1839,2,"24","2","45","0"
"1757",18,1839,3,"37",NA,NA,"3"
"1758",18,1230,1,"15",NA,NA,"3"
"1759",18,1515,1,"24",NA,NA,"2"
"1760",18,1515,2,"45","1","20","3"
"1761",18,1516,1,"26",NA,NA,"1"
"1762",18,1516,2,"24",NA,NA,"1"
"1763",18,1516,3,"37",NA,NA,"1"
"1764",18,1520,1,"24",NA,NA,"2"
"1765",18,1523,1,"45",NA,NA,"3"
"1766",18,1528,1,"37",NA,NA,"3"
"1767",18,1529,1,"24","1","25","0"
"1768",18,1529,2,"37",NA,NA,"3"
"1769",18,1532,1,"23",NA,NA,"1"
"1770",18,1532,2,"37","5","25","3"
"1771",18,1533,1,"24",NA,NA,"1"
"1772",18,1533,2,"37",NA,NA,"1"
"1773",18,1536,1,"57","22","55","2"
"1774",18,1537,1,"24",NA,NA,"2"
"1775",18,1540,1,"24","1","40","0"
"1776",18,1540,2,"93",NA,NA,"1"
"1777",18,1541,1,"37",NA,NA,"3"
"1778",18,1541,2,"93",NA,NA,"3"
"1779",18,1545,1,"26",NA,NA,"1"
"1780",18,1545,2,"45",NA,NA,"2"
"1781",18,1546,1,"24",NA,NA,"3"
"1782",18,1546,2,"37",NA,NA,"3"
"1783",18,1547,1,"37",NA,NA,"3"
"1784",18,1548,1,"24",NA,NA,"1"
"1785",18,1558,1,"45",NA,NA,"2"
"1786",18,1558,2,"37",NA,NA,"1"
"1787",18,1559,1,"24",NA,NA,"1"
"1788",18,1562,1,"24","1","23","1"
"1789",18,1562,2,"45","2","20","3"
"1790",18,1562,3,"37","1","19","3"
"1791",18,1566,1,"37",NA,NA,"1"
"1792",18,1567,1,"24",NA,NA,"1"
"1793",18,1567,2,"37",NA,NA,"1"
"1794",18,1568,1,"24","1","20","0"
"1795",18,1568,2,"37",NA,NA,"1"
"1796",18,1569,1,"24",NA,NA,"2"
"1797",18,1572,1,"26",NA,NA,"1"
"1798",18,1572,2,"45",NA,NA,"3"
"1799",18,1572,3,"37",NA,NA,"3"
"1800",18,1574,1,"26","1","25","0"
"1801",18,1574,2,"24",NA,NA,"1"
"1802",18,1576,1,"26","1","35","1"
"1803",18,1549,1,"45","2","25","3"
"1804",18,1549,2,"37",NA,NA,"1"
"1805",18,510,1,"24","3","25","3"
"1806",18,510,2,"45",NA,NA,"2"
"1807",18,510,3,"37",NA,NA,"3"
"1808",18,882,1,"45","41","30","3"
"1809",18,882,2,"15",NA,NA,"1"
"1810",18,1330,1,"26","1","30","0"
"1811",18,1437,1,"4",NA,NA,"1"
"1812",18,1437,2,"45",NA,NA,"1"
"1813",18,1439,1,"45",NA,NA,"1"
"1814",18,1443,1,"45","2","40","3"
"1815",18,1485,1,"24","1","40","1"
"1816",18,1485,2,"45",NA,NA,"1"
"1817",18,1617,1,"24",NA,NA,"1"
"1818",18,1617,2,"45","1","35","3"
"1819",18,1632,1,"91","16","30","3"
"1820",18,1647,1,"24",NA,NA,"2"
"1821",18,1663,1,"24","3","32","3"
"1822",18,1663,2,"45",NA,NA,"3"
"1823",18,1663,3,"37",NA,NA,"3"
"1824",18,1713,1,"43","5","25","3"
"1825",18,1713,2,"45",NA,NA,"3"
"1826",18,1290,1,"21",NA,NA,"1"
"1827",18,1298,1,"15",NA,NA,"1"
"1828",18,1312,1,"26",NA,NA,"1"
"1829",18,1312,2,"45","12","30","3"
"1830",18,1319,1,"45","9","25","3"
"1831",18,1319,2,"26",NA,NA,"1"
"1832",18,1320,1,"25",NA,NA,"1"
"1833",18,1320,2,"15",NA,NA,"3"
"1834",18,1320,3,"95",NA,NA,"1"
"1835",18,1323,1,"45","24","35","3"
"1836",18,1323,2,"26","2","40","1"
"1837",18,1327,1,"25","2","30","1"
"1838",18,1327,2,"45","1","30","1"
"1839",18,1333,1,"26",NA,NA,"1"
"1840",18,1333,2,"45",NA,NA,"1"
"1841",18,1333,3,"15",NA,NA,"1"
"1842",18,1340,1,"45",NA,NA,"3"
"1843",18,1346,1,"45",NA,NA,"1"
"1844",18,1351,1,"26","2","30","1"
"1845",18,1351,2,"21","2","30","0"
"1846",18,1368,1,"45",NA,NA,"1"
"1847",18,1408,1,"21","16","20","2"
"1848",18,1408,2,"15",NA,NA,"3"
"1849",18,1413,1,"45","11","25","3"
"1850",18,1421,1,"25","3","20","0"
"1851",18,1421,2,"45",NA,NA,"3"
"1852",18,1534,1,"24",NA,NA,"1"
"1853",18,1534,2,"23",NA,NA,"1"
"1854",18,1534,3,"37",NA,NA,"3"
"1855",18,886,1,"45",NA,NA,"1"
"1856",18,915,1,"24",NA,NA,"2"
"1857",18,956,1,"45",NA,NA,"3"
"1858",18,967,1,"57",NA,NA,"1"
"1859",18,967,2,"45",NA,NA,"2"
"1860",18,993,1,"45","3","35","3"
"1861",18,1008,1,"24","4","25","0"
"1862",18,1020,1,"24","2","30","0"
"1863",18,1028,1,"39",NA,NA,"3"
"1864",18,1028,2,"37",NA,NA,"3"
"1865",18,1040,1,"26","5","30","1"
"1866",18,1085,1,"26","3","25","0"
"1867",18,1085,2,"45",NA,NA,"1"
"1868",18,1091,1,"25","1","20","1"
"1869",18,1093,1,"25","1","25","0"
"1870",18,1093,2,"15",NA,NA,"2"
"1871",18,1093,3,"17","1","25","0"
"1872",18,1093,4,"45","1","35","3"
"1873",18,1093,5,"37",NA,NA,"3"
"1874",18,1094,1,"25","2","20","0"
"1875",18,1094,2,"45",NA,NA,"3"
"1876",18,1094,3,"21",NA,NA,"1"
"1877",18,1097,1,"45",NA,NA,"3"
"1878",18,1102,1,"25","3","25","1"
"1879",18,1102,2,"45",NA,NA,"1"
"1880",18,1111,1,"25","7","30","1"
"1881",18,1120,1,"45","2","20","3"
"1882",18,1133,1,"25","2","25",NA
"1883",18,1133,2,"21","4","20","1"
"1884",18,1131,1,"21",NA,NA,"1"
"1885",18,1131,2,"25",NA,NA,"1"
"1886",18,1131,3,"15",NA,NA,"3"
"1887",18,1136,1,"25","1","25","0"
"1888",18,1136,2,"21","2","30","0"
"1889",18,1137,1,"21",NA,NA,"1"
"1890",18,1137,2,"15",NA,NA,"3"
"1891",18,1193,1,"45",NA,NA,"2"
"1892",18,1207,1,"45",NA,NA,"2"
"1893",18,862,1,"45","2","40","0"
"1894",18,862,2,"44","8","50","0"
"1895",18,56,1,"25","5","20","1"
"1896",18,56,2,"37",NA,NA,"3"
"1897",18,56,3,"45",NA,NA,"3"
"1898",18,890,1,"45","2","28","3"
"1899",18,890,2,"44",NA,NA,"2"
"1900",18,890,3,"2",NA,NA,"2"
"1901",18,890,4,"15",NA,NA,"3"
"1902",18,1522,1,"23","4","25","1"
"1903",18,1522,2,"45",NA,NA,"1"
"1904",18,1522,3,"37",NA,NA,"2"
"1905",18,7,1,"45",NA,NA,"3"
"1906",18,7,2,"15",NA,NA,"1"
"1907",18,13,1,"45","5","30","3"
"1908",18,13,2,"37",NA,NA,"1"
"1909",18,45,1,"45",NA,NA,"3"
"1910",18,45,2,"37","1","15","3"
"1911",18,65,1,"45",NA,NA,"3"
"1912",18,65,2,"37","2","20",NA
"1913",18,65,3,"15",NA,NA,"1"
"1914",18,69,1,"45","1","30","3"
"1915",18,69,2,"37","5","15","3"
"1916",18,89,1,"25","1","20","1"
"1917",18,89,2,"15",NA,NA,"1"
"1918",18,94,1,"37",NA,NA,"1"
"1919",18,94,2,"45",NA,NA,"2"
"1920",18,94,3,"15","1","35","1"
"1921",18,115,1,"45",NA,NA,"2"
"1922",18,115,2,"24",NA,NA,"1"
"1923",18,115,3,"37","9","20","2"
"1924",18,162,1,"37","1","25","0"
"1925",18,162,2,"45",NA,NA,"2"
"1926",18,162,3,"15",NA,NA,"2"
"1927",18,181,1,"24","3","30","0"
"1928",18,181,2,"37",NA,NA,"1"
"1929",18,184,1,"24",NA,NA,"1"
"1930",18,195,1,"25","2","25","0"
"1931",18,195,2,"45","13","25","3"
"1932",18,195,3,"37",NA,NA,"3"
"1933",18,203,1,"25",NA,NA,"1"
"1934",18,203,2,"37",NA,NA,"3"
"1935",18,203,3,"45",NA,NA,"1"
"1936",18,232,1,"39",NA,NA,"3"
"1937",18,232,2,"24",NA,NA,"1"
"1938",18,232,3,"45",NA,NA,"1"
"1939",18,248,1,"24","26","30","3"
"1940",18,248,2,"45","18","20","3"
"1941",18,248,3,"37",NA,NA,"1"
"1942",18,248,4,"15",NA,NA,"1"
"1943",18,316,1,"24","2","40","1"
"1944",18,316,2,"39",NA,NA,"1"
"1945",18,346,1,"45","7","20","3"
"1946",18,346,2,"37",NA,NA,"1"
"1947",18,119,1,"37",NA,NA,"2"
"1948",18,457,1,"24",NA,NA,"1"
"1949",18,457,2,"45","10","20","3"
"1950",18,457,3,"37",NA,NA,"3"
"1951",18,460,1,"45","8","30","3"
"1952",18,460,2,"37",NA,NA,"1"
"1953",18,502,1,"24","1","20","1"
"1954",18,502,2,"45","13","20","3"
"1955",18,502,3,"37",NA,NA,"3"
"1956",18,509,1,"24","2","25","2"
"1957",18,509,2,"45","5","35","3"
"1958",18,509,3,"37",NA,NA,"3"
"1959",18,515,1,"24",NA,NA,"1"
"1960",18,515,2,"45",NA,NA,"3"
"1961",18,515,3,"37",NA,NA,"3"
"1962",18,516,1,"24","3","30","2"
"1963",18,516,2,"45","19","25","3"
"1964",18,532,1,"45","22","35","3"
"1965",18,532,2,"15",NA,NA,"3"
"1966",18,551,1,"45","12","24","3"
"1967",18,562,1,"45","7","20","3"
"1968",18,562,2,"93","2","25","1"
"1969",18,583,1,"45",NA,NA,"3"
"1970",18,601,1,"37",NA,NA,"3"
"1971",18,602,1,"45","27","35","3"
"1972",18,602,2,"95",NA,NA,"2"
"1973",18,602,3,"15",NA,NA,"1"
"1974",18,668,1,"25","4","20","1"
"1975",18,668,2,"95",NA,NA,"2"
"1976",18,668,3,"2",NA,NA,"1"
"1977",18,669,1,"25","4","25","0"
"1978",18,669,2,"45","8","25","3"
"1979",18,684,1,"24",NA,NA,"2"
"1980",18,684,2,"45","1","20","3"
"1981",18,684,3,"37",NA,NA,"3"
"1982",18,712,1,"24","3","30","2"
"1983",18,712,2,"45","4","20",NA
"1984",18,712,3,"37",NA,NA,"3"
"1985",18,717,1,"25","1","50","0"
"1986",18,717,2,"15","1","20","3"
"1987",18,717,3,"37",NA,NA,"1"
"1988",18,721,1,"21","2","25","0"
"1989",18,721,2,"37",NA,NA,"3"
"1990",18,721,3,"39",NA,NA,"1"
"1991",18,733,1,"25","1","50","0"
"1992",18,736,1,"26","2","20","0"
"1993",18,736,2,"25","4","25","1"
"1994",18,752,1,"58","6","70","2"
"1995",18,752,2,"25",NA,NA,"1"
"1996",18,752,3,"45",NA,NA,"1"
"1997",18,753,1,"26","1","20","1"
"1998",18,753,2,"25","1","20","0"
"1999",18,756,1,"25","1","20","1"
"2000",18,769,1,"45","2","35","3"
"2001",18,784,1,"45",NA,NA,"2"
"2002",18,841,1,"45","5","25","3"
"2003",18,841,2,"4","6","30","3"
"2004",18,856,1,"45",NA,NA,"3"
"2005",18,861,1,"21","2","32","0"
"2006",18,861,2,"15",NA,NA,"3"
"2007",18,870,1,"24","5","55","0"
"2008",18,1721,1,"43","2","30","3"
"2009",18,1721,2,"45",NA,NA,"1"
"2010",18,1738,1,"24","2","35","0"
"2011",18,1738,2,"93",NA,NA,"1"
"2012",18,1792,1,"24","6","40","0"
"2013",18,1806,1,"24","17","30","2"
"2014",18,1815,1,"45","1","20","3"
"2015",18,1815,2,"44","2","30","2"
"2016",18,1855,1,"15",NA,NA,"1"
"2017",18,1440,1,"24",NA,NA,"1"
"2018",18,1725,1,"45","2","25","3"
"2019",18,1251,1,"37",NA,NA,"3"
"2020",18,1067,1,"45",NA,NA,"3"
"2021",18,1355,1,"15",NA,NA,"1"
"2022",18,1355,2,"95",NA,NA,"2"
"2023",18,1034,1,"25",NA,NA,"1"
"2024",18,1092,1,"45",NA,NA,"3"
"2025",18,1109,1,"15",NA,NA,"3"
"2026",18,1109,2,"45",NA,NA,"3"
"2027",18,84,1,"45","14","20","3"
"2028",18,84,2,"37",NA,NA,"1"
"2029",18,690,1,"24",NA,NA,"1"
"2030",18,690,2,"45",NA,NA,"3"
"2031",18,452,1,"45","15","20","3"
"2032",18,452,2,"37",NA,NA,"1"
"2033",18,6,1,"45","16","30","3"
"2034",18,6,2,"15",NA,NA,"1"
"2035",18,99,1,"25",NA,NA,"1"
"2036",18,99,2,"45","3","25","3"
"2037",18,99,3,"15",NA,NA,"1"
"2038",18,124,1,"39","3","25","2"
"2039",18,124,2,"37",NA,NA,"1"
"2040",18,124,3,"4",NA,NA,"1"
"2041",18,448,1,"24",NA,NA,"1"
"2042",18,448,2,"37","3","4","3"
"2043",18,448,3,"45",NA,NA,"2"
"2044",18,608,1,"45","27","25","3"
"2045",18,608,2,"95",NA,NA,"2"
"2046",18,817,1,"24","3","45","0"
"2047",18,1365,1,"25","6","40","2"
"2048",18,1656,1,"45",NA,NA,"3"
"2049",18,1861,1,"58","4","40","0"
"2050",18,454,1,"45","4","30","3"
"2051",18,454,2,"25","1","50","0"
"2052",18,454,3,"37",NA,NA,"1"
"2053",18,12,1,"45",NA,NA,"3"
"2054",18,12,2,"15",NA,NA,"3"
"2055",18,79,1,"45","2","15","3"
"2056",18,1276,1,"2",NA,NA,"3"
